id;restaurant_name;coordinates;district;address;budget;rating;open_hours;taste_tags;food_tags
1;Bún Đậu Nhà Làm;10.769710761690632, 106.69251534450365;District 1;1, Nguyen Van Trang Street, Ben Thanh Ward, HCM City;100.000 -> 200.000;4.2;10:00 - 21:00;salty,sour,spicy,dry food;vermicelli with tofu
2;Ốc Vân;10.771859276375409, 106.69713502310243;District 1;23, Nguyen An Ninh Street, Ben Thanh Ward, HCM City;200.000 -> 300.000;4.2;17:00 - 00:00;sour,spicy,salty;snails
3;Bánh Mì Huynh Hoa;10.771534166805532, 106.6924459846757;District 1;26, Le Thi Rieng Street, Ben Thanh Ward, HCM City;1.000 -> 100.000;4.1;06:00 - 22:00;salty,sweet,fatty,dry food;banh mi
4;Bún Riêu Gánh Chợ Bến Thành;10.773946117282305, 106.69895305297598;District 1;163, Le Thanh Ton Street, Ben Thanh Ward, HCM City;1.000 -> 100.000;4.1;07:00 - 19:00;sour,salty,sweet,soup food;crab noodles soup
5;Bánh Cuốn Nóng Hào Hoa;10.77307744443525, 106.6963782468695;District 1;177/1, Ly Tu Trong Street, Ben Thanh Ward, HCM City;1.000 -> 100.000;4.9;06:00 - 11:30;salty,sweet,fatty,hot;steamed rice rolls
6;Bún thịt nướng Kiều Bảo;10.765300051727378, 106.69463791547811;District 1;139, De Tham Street, Cau Ong Lanh Ward, HCM City;1.000 -> 100.000;4.1;11:00 - 21:00;salty,sweet,fatty,dry food;grilled pork vermicelli
7;Bún Thịt Nướng - Chị Tuyền;10.761840545405054, 106.69359167472156;District 1;175c, Co Giang Street, Cau Ong Lanh Ward, HCM City;1.000 -> 100.000;4.4;06:00 - 21:00;salty,sweet,fatty,dry food;grilled pork vermicelli
8;Bánh Canh Ghẹ Hẻm Mát;10.769818753399305, 106.69166394080017;District 1;89/3, Nguyen Trai Street, Ben Thanh Ward, HCM City;1.000 -> 100.000;4.9;10:30 - 20:00;sweet,salty,fatty,soup food;crab thick noodles soup
9;Bami Cô Xíu;10.762845224274056, 106.69252157357582;District 1;163B, Co Bac Street, Cau Ong Lanh Ward, HCM City;1.000 -> 100.000;4.9;06:00 - 20:00;salty,sweet,fatty,dry food;banh mi
10;Phở Muslim;10.757647875887674, 106.68728256191332;District 1;TK25/18, Tran Hung Dao Street, Cau Ong Lanh Ward, HCM City;1.000 -> 100.000;4.6;06:30 - 12:00;sweet,salty,fatty,soup food;pho
11;Cháo sườn Chú Chen;10.762942864091437, 106.68700945817943;District 1;281, Nguyen Trai Street, Cau Ong Lanh Ward, HCM City;1.000 -> 100.000;4.2;07:00 - 23:00;salty,sweet,fatty,hot;pork rib porridge
12;Bánh Mì Bảy Hổ;10.790592228042668, 106.6965469886243;District 1;15, Huynh Khuong Ninh Street, Tan Dinh Ward, HCM City;1.000 -> 100.000;4.0;05:00 - 19:00;salty,sweet,fatty,dry food;banh mi
13;Bánh Bèo Huế O Trinh;10.769703534047457, 106.68814020354274;District 1;122F, Bui Thi Xuan Street, Ben Thanh Ward, HCM City;1.000 -> 100.000;4.3;07:30 - 20:00;salty,sweet,fatty,balanced taste;water fern cakes
14;Bánh Ướt Ban Mê Giang Vương;10.768940209375653, 106.6895572845886;District 1;10, Ton That Tung Street, Ben Thanh Ward, HCM City;100.000 -> 200.000;4.3;09:00 - 21:30;salty,sweet,fatty,dry food;wet rice cakes
15;Bún Thịt Nướng Chả Giò;10.77341025596823, 106.69968591649308;District 1;1, Nguyen Trung Truc Street, Ben Thanh Ward, HCM City;1.000 -> 100.000;4.5;06:00 - 20:30;salty,sweet,fatty,dry food;grilled pork vermicelli
16;Quán Chay 103;10.768928623096992, 106.69956226644243;District 1;103, Nguyen Thai Binh Street, Ben Thanh Ward, HCM City;1.000 -> 100.000;4.4;07:00 - 20:30;sweet,salty,vegetarian,soup food;vegetarian food
17;Cơm tấm Đề Thám;10.76839297892618, 106.69340401596168;District 1;Alley 269, De Tham Street, Ben Thanh Ward, HCM City;1.000 -> 100.000;4.5;08:00 - 04:00;salty,sweet,fatty,dry food;broken rice
18;Bò né Bà Nũi;10.768769213333565, 106.69927772851912;District 1;94, Nguyen Thai Binh Street, Ben Thanh Ward, HCM City;1.000 -> 100.000;4.1;07:30 - 22:30;salty,fatty,spicy,hot;sizzling beef
19;Súp cua Hạnh;10.76538282917334, 106.69785205400376;District 1;381, Nguyen Cong Tru Street, Ben Thanh Ward, HCM City;1.000 -> 100.000;4.1;06:15 - 22:00;sweet,fatty,salty,hot;crab soup
20;Gà nướng Đồng Tháp;10.768802113742709, 106.68732071078496;District 1;154, Bui Thi Xuan Street, Ben Thanh Ward, HCM City;100.000 -> 200.000;4.3;16:00 - 22:00;salty,sweet,fatty,dry food;grilled chicken
21;Quán Cơm Tấm Thuận Kiều;10.769226351313842, 106.68945175844446;District 1;24, Ton That Tung Street, Ben Thanh Ward, HCM City;1.000 -> 100.000;3.7;06:00 - 21:00;salty,sweet,fatty,dry food;broken rice
22;Quán Phở Hùng;10.764942155490498, 106.68788497854281;District 1;241-243, Nguyen Trai Street, Cau Ong Lanh Ward, HCM City;1.000 -> 100.000;4.3;06:00 - 03:00;sweet,salty,fatty,soup food;pho
23;Xôi Chè Bùi Thị Xuân;10.76774168717843, 106.68660268474093;District 1;111, Cong Quynh Street, Ben Thanh Ward, HCM City;1.000 -> 100.000;3.5;07:00 - 21:00;sweet,fatty,cold,sweet dessert;sticky rice sweet soup
24;Bánh Xèo 46A;10.789590639377044, 106.6913499847483;District 1;46A, Dinh Cong Trang Street, Tan Dinh Ward, HCM City;100.000 -> 200.000;3.9;10:00 - 13:30,16:00 - 20:50;salty,fatty,crispy,hot;vietnamese pancake
25;Quán Bún Bò Huế Cống Quỳnh;10.767651706885877, 106.6866262520617;District 1;262, Cong Quynh Street, Ben Thanh Ward, HCM City;1.000 -> 100.000;4.0;06:30 - 12:30,16:00 - 20:30;spicy,salty,sweet,balanced taste;hue beef noodles
26;Đặc Sản Nem Nướng Nha Trang;10.767184902482889, 106.68687068940086;District 1;189E, Cong Quynh Street, Cau Ong Lanh Ward, HCM City;1.000 -> 100.000;4.6;10:00 - 22:30;salty,sweet,fatty,grilled;grilled pork sausage
27;Cơm gà xối mỡ Su Su;10.765244260314986, 106.68981702697353;District 1;117/1D, Cong Quynh Street, Cau Ong Lanh Ward, HCM City;1.000 -> 100.000;4.3;10:30 - 20:30;salty,fatty,crispy,dry food;chicken rice
28;Cơm bò Cống Quỳnh;10.76485931687199, 106.69109860959274;District 1;12, Cong Quynh Street, Ben Thanh Ward, HCM City;1.000 -> 100.000;3.6;16:00 - 00:00;salty,fatty,sweet,dry food;beef rice
29;CƠM GÀ NGON BÀ HOÀNG;10.760129962340624, 106.69412431987328;District 1;6, Ho Hao Hon Street, Cau Ong Lanh Ward, HCM City;1.000 -> 100.000;4.0;9:00 - 20:00;salty,sweet,fatty,dry food;chicken rice
30;Cơm tấm Nguyễn Văn Cừ;10.756962355315123, 106.68497467072874;District 1;74, Nguyen Van Cu Street, Cho Quan Ward, HCM City;100.000 -> 200.000;3.6;7:00 - 15:00;salty,sweet,fatty,dry food;broken rice
31;Xôi Gà Cô Thu;10.765924683092065, 106.69710031095903;District 1;103, Yersin Street, Cau Ong Lanh Ward, HCM City;1.000 -> 100.000;4.6;06:00 - 10:00;salty,sweet,fatty,dry food;chicken sticky rice
32;Bánh bò thốt nốt;10.765798513092482, 106.69664366149578;District 1;43, Nguyen Thai Hoc Street, Cau Ong Lanh Ward, HCM City;1.000 -> 100.000;4.2;09:00 - 21:00;sweet,fatty,fragrant,sweet dessert;steamed rice cake
33;Gà Tần Gia Bảo;10.764499630162874, 106.6942645180451;District 1;128, Co Bac Street, Cau Ong Lanh Ward, HCM City;100.000 -> 200.000;4.5;16:00 - 03:00;sweet,fatty,salty,hot;herbal chicken stew
34;Milo dằm chú Vũ;10.763714203916441, 106.69325862646578;District 1;210B/1, Co Bac Street, Cau Ong Lanh Ward, HCM City;1.000 -> 100.000;4.7;11:00 - 18:00;sweet,fatty,cold,drinks;milo
35;Chị Dậu Lẩu Gà Lá É & Gà Nướng;10.763306340572566, 106.69317203450082;District 1;139, Co Bac Street, Cau Ong Lanh Ward, HCM City;100.000 -> 200.000;4.9;10:00 - 02:00;salty,sweet,fatty,grilled;chicken hot pot
36;Lẩu Bò Quang Khải;10.762348710947638, 106.69161289021353;District 1;60, Ho Hao Hon Street, Cau Ong Lanh Ward, HCM City;100.000 -> 200.000;3.9;11:00 - 01:00;fatty,salty,hot,spicy;beef hot pot
37;Bún Bò Hậu Bến Ngự;10.761395203119827, 106.692511325068;District 1;32, Ho Hao Hon Street, Cau Ong Lanh Ward, HCM City;1.000 -> 100.000;4.7;00:00 - 00:00;spicy,salty,sweet,balanced taste;hue beef noodles
38;Phở - Bò Kho Chị Tươi;10.759702022300567, 106.6921836264496;District 1;Alley 40, Tran Dinh Xu Street, Cau Ong Lanh Ward, HCM City;1.000 -> 100.000;4.6;15:30 - 21:00;sweet,salty,fatty,soup food;beef stew pho
39;Bánh canh Phan Rí;10.765345796126349, 106.69682974112781;District 1;184, Nguyen Thai Hoc Street, Cau Ong Lanh Ward, HCM City;1.000 -> 100.000;4.5;07:00 - 22:00;sweet,salty,fatty,soup food;thick noodles soup
40;Cháo lòng Chị Thanh;10.764139917518307, 106.69624665583686;District 1;47, Co Giang Street, Cau Ong Lanh Ward, HCM City;1.000 -> 100.000;4.2;13:00 - 22:30;salty,fatty,hot,soup food;offal porridge
41;CƠM GÀ TUẤN TÀI;10.763294474219704, 106.69577535763393;District 1;37, De Tham Street, Cau Ong Lanh Ward, HCM City;1.000 -> 100.000;4.3;13:00 - 23:50;salty,sweet,fatty,dry food;chicken rice
42;Hủ tiếu chay Mỹ Tho Cô Ba;10.767017662207905, 106.68534294996333;District 1;A5A, Cong Quynh Street, Cau Ong Lanh Ward, HCM City;1.000 -> 100.000;4.8;07:00 - 21:00;sweet,salty,vegetarian,soup food;vegetarian noodles
43;Cháo Trắng Nam Quốc Cang;10.768356704508967, 106.6873453572196;District 1;34A, Nam Quoc Cang Street, Ben Thanh Ward, HCM City;1.000 -> 100.000;3.6;11:00 - 21:00;bland,fatty,warm,soup food;plain porridge
44;Bánh ướt thịt nướng Ban Mê;10.76823216997578, 106.68749056259425;District 1;26, Nam Quoc Cang Street, Ben Thanh Ward, HCM City;100.000 -> 200.000;4.0;08:30 - 21:30;salty,sweet,fatty,dry food;wet cake with grilled pork
45;Lẩu Mắm Đèn Bão;10.767883988494269, 106.6886526945534;District 1;196/1, Nguyen Trai Street, Ben Thanh Ward, HCM City;100.000 -> 300.000;4.9;17:00 - 23:00;salty,sour,spicy,hot;fermented fish hot pot
46;Cháo Ếch Singapore A Bảo;10.768243965052706, 106.68834180999959;District 1;Kios 21, Luong Huu Khanh Street, Ben Thanh Ward, HCM City;1.000 -> 100.000;4.6;00:00 - 00:00;salty,sweet,fatty,hot;frog porridge
47;Bánh mì Chả cá nóng Bùi Thị Xuân;10.76878714829212, 106.68750502963272;District 1;152, Bui Thi Xuan Street, Ben Thanh Ward, HCM City;1.000 -> 100.000;4.1;07:00 - 21:00;salty,sweet,fatty,hot;banh mi with fish cake
48;Bún Mắm Lẩu Mắm Dì Sáu Miền Tây;10.770230510169062, 106.68755219971455;District 1;Alley 25, Ton That Tung Street, Ben Thanh Ward, HCM City;1.000 -> 100.000;4.6;09:30 - 20:00;salty,sour,spicy,hot;fermented fish noodles
49;Mì Xào Giòn Bùi Thị Xuân;10.769767486763866, 106.68783366244064;District 1;Alley 134, Bui Thi Xuan Street, Ben Thanh Ward, HCM City;1.000 -> 100.000;4.1;13:00 - 20:00;salty,sweet,fatty,crispy;fried noodles
50;Quán Nướng Giấy Bạc;10.77153612673546, 106.6909612539448;District 1;Alley 96, Le Thi Rieng Street, Ben Thanh Ward, HCM City;100.000 -> 200.000;4.3;10:00 - 22:00;salty,fatty,grilled,spicy;grilled food
51;Ốc Ghe;10.786993371795468, 106.69744808513089;District 3;34, Mac Dinh Chi Street, Tan Dinh Ward, HCM City;100.000 -> 300.000;4.1;15:00 - 01:00;sour,spicy,salty,soup food;snails
52;Bánh khọt Cô Ba Vũng Tàu;10.783286274630116, 106.69636897317388;District 3;40B, Tran Cao Van Street, Xuan Hoa Ward, HCM City;100.000 -> 200.000;4.5;09:00 - 21:00;salty,fatty,crispy,hot;mini pancakes
53;Bún Chả Cửu Long 2007;10.775262748346739, 106.69084807946994;District 3;202A, Nguyen Thi Minh Khai Street, Xuan Hoa Ward, HCM City;1.000 -> 100.000;4.8;09:00 - 15:00,16:00 - 20:30;salty,sweet,sour,grilled;grilled pork with noodles
54;Bánh Mì Cụ Lý;10.78594869381729, 106.69409328089115;District 3;189, Hai Ba Trung Street, Xuan Hoa Ward, HCM City;1.000 -> 100.000;4.4;06:15 - 10:00;salty,sweet,fatty,dry food;banh mi
55;CHÁO CÁ 306/17;10.773158729400581, 106.68810144922288;District 3;17, Nguyen Thi Minh Khai Street, Ban Co Ward, HCM City;1.000 -> 100.000;3.6;07:00 - 20:30;sweet,salty,fatty,hot;fish porridge
56;Quán Bún Thịt Nướng Cô Ba Hiền;10.773502746538195, 106.68165020998889;District 3;11, Street 5, Ban Co Ward, HCM City;1.000 -> 100.000;5.0;06:00 - 20:00;salty,sweet,fatty,dry food;grilled pork vermicelli
57;Bún Bò Viên Cô Hoa Vườn Chuối;10.774145581418948, 106.68295711318089;District 3;116/1, Vuon Chuoi Street, Hoa Hung Ward, HCM City;1.000 -> 100.000;4.3;10:30 - 21:30;sweet,salty,fatty,soup food;beef ball noodles
58;Bún bò Huế Chú Há;10.77172870860793, 106.68573097181914;District 3;300, Vo Van Tan Street, Ban Co Ward, HCM City;1.000 -> 100.000;3.1;07:00 - 23:00;spicy,salty,sweet,balanced taste;hue beef noodles
59;Quán Ốc Chị Hồng;10.78032483379674, 106.6785709170284;District 3;210/15, Cach Mang Thang 8 Street, Nhieu Loc Ward, HCM City;100.000 -> 200.000;4.5;11:00 - 21:00;sour,spicy,salty,soup food;snails
60;Hủ Tiếu Hồng Phát;10.770557695337526, 106.68479153808487;District 3;389, Vo Van Tan Street, Ban Co Ward, HCM City;100.000 -> 200.000;4.6;06:30 - 22:30;sweet,salty,fatty,soup food;noodles soup
61;Phở Kim;10.774527198033253, 106.68696443794703;District 3;181/15, Cach Mang Thang 8 Street, Ban Co Ward, HCM City;1.000 -> 100.000;4.3;06:00 - 14:00;sweet,salty,fatty,soup food;pho
62;Bánh Mì Hòa Mã;10.770236317904516, 106.68173089289316;District 3;53, Cao Thang Street, Ban Co Ward, HCM City;1.000 -> 100.000;4.2;06:00 - 11:00;salty,sweet,fatty,dry food;banh mi
63;Bánh Xèo Cô Tuyết;10.77515612134744, 106.68273586346109;District 3;335/11, Dien Bien Phu Street, Ban Co Ward, HCM City;1.000 -> 100.000;4.0;15:00 - 23:00;salty,fatty,crispy,hot;vietnamese pancake
64;Gỏi Khô Bò Công viên Lê Văn Tám;10.787582344006772, 106.69220229330104;District 3;259, Hai Ba Trung Street, Xuan Hoa Ward, HCM City;1.000 -> 100.000;4.5;12:00 - 20:00;sour,sweet,salty,dry;beef jerky salad
65;Bột Chiên Đạt Thành;10.772403951647378, 106.68690833864197;District 3;277, Vo Van Tan Street, Ban Co Ward, HCM City;1.000 -> 100.000;4.2;13:30 – 23:00;salty,fatty,crispy,hot;fried flour cubes
66;Lẩu Cá Kèo Bà Huyện 18;10.77647111132078, 106.68910161381193;District 3;18, Nguyen Thi Dieu Street, Xuan Hoa Ward, HCM City;200.000 -> 300.000;4.2;10:00 - 22:00;salty,sweet,fatty,hot;goby fish hot pot
67;Chuối nếp nướng Võ Văn Tần;10.770344041134107, 106.68440504910161;District 3;Alley 378, Vo Van Tan Street, Ban Co Ward, HCM City;1.000 -> 100.000;4.3;07:00 - 21:30;sweet,fatty,fragrant,grilled;grilled banana sticky rice
68;Bánh cuốn nóng & Bánh ướt;10.767979585921909, 106.67989391245041;District 3;141, Nguyen Thien Thuat Street, Ban Co Ward, HCM City;1.000 -> 100.000;4.6;06:30 - 11:00;salty,fatty,sweet,hot;steamed rice rolls
69;Chè Hiển Khánh;10.76768226012149, 106.67972917633229;District 3;718, Nguyen Dinh Chieu Street, Ban Co Ward, HCM City;1.000 -> 100.000;4.4;09:00 - 12:30,14:30 - 22:00;sweet,fatty,cold,sweet dessert;sweet soup
70;Bún Mắm Chợ Bàn Cờ;10.768408977469111, 106.68050563888353;District 3;666, Nguyen Dinh Chieu Street, Ban Co Ward, HCM City;1.000 -> 100.000;4.3;07:00 - 12:00;salty,sweet,sour,hot;fermented fish noodles
71;Bánh bèo Chợ Bàn Cờ;10.768805754352442, 106.68054019630696;District 3;51/73, Cao Thang Street, Ban Co Ward, HCM City;1.000 -> 100.000;3.4;12:00 - 18:00;salty,fatty,sweet,balanced taste;water fern cakes
72;Cơm gà xối mỡ Khải Hà;10.768555382484323, 106.67868381570953;District 3;Alley 704, Nguyen Dinh Chieu Street, Ban Co Ward, HCM City;1.000 -> 100.000;4.9;08:00 - 20:30;salty,fatty,crispy,dry food;chicken rice
73;Bún Mắm Phượng;10.76875377097788, 106.6779689102189;District 3;Block E Apartment, Nguyen Thien Thuat Street, Ban Co Ward, HCM City;1.000 -> 100.000;4.4;09:00 - 22:00;salty,sweet,sour,hot;fermented fish noodles
74;Bún Mắm Miền Tây;10.766800759330556, 106.68159417181725;District 3;26, Nguyen Thien Thuat Street, Ban Co Ward, HCM City;1.000 -> 100.000;4.3;08:00 - 20:00;salty,sweet,sour,hot;fermented fish noodles
75;Bánh canh Hoàng Minh Trảng Bàng;10.766784026897554, 106.67799446497418;District 3;182, Ly Thai To Street, Ban Co Ward, HCM City;1.000 -> 100.000;4.0;08:00 - 22:00;sweet,salty,fatty,soup food;thick noodles soup
76;Bún thái Anh;10.767750118307926, 106.67717094013285;District 3;Block F Apartment, Nguyen Thien Thuat Street, Ban Co Ward, HCM City;1.000 -> 100.000;4.2;07:00 - 14:00,16:00 - 19:30;sour,spicy,salty,hot;thai noodles
77;Cơm chiên Cư Xá Đường Sắt;10.768039508419324, 106.67644104319538;District 3;Alley 268, Ly Thai To Street, Ban Co Ward, HCM City;1.000 -> 100.000;4.5;17:00 - 21:00;salty,fatty,crispy,dry food;fried rice
78;Bún Bò Huế Cô Ân;10.769875283576464, 106.67713801718617;District 3;10, Alley 331 Nguyen Thien Thuat Street, Ban Co Ward, HCM City;1.000 -> 100.000;4.4;00:00 - 00:00;spicy,salty,sweet,balanced taste;hue beef noodles
79;Bún bò Bồn nước;10.77018884776122, 106.67655232578767;District 3;53, Alley 575 Dien Bien Phu Street, Ban Co Ward, HCM City;1.000 -> 100.000;3.7;05:00 - 10:00;spicy,salty,sweet,balanced taste;hue beef noodles
80;Bột chiên Bàn Cờ;10.77057430571207, 106.67937942411979;District 3;242/74, Nguyen Thien Thuat Street, Ban Co Ward, HCM City;1.000 -> 100.000;3.9;17:00 - 22:00;salty,fatty,crispy,hot;fried flour cubes
81;Quán Hủ Tíu Mực 69;10.77087559930684, 106.67952089337624;District 3;Alley 242/95, Nguyen Thien Thuat Street, Ban Co Ward, HCM City;1.000 -> 100.000;4.5;06:00 - 13:00;sweet,salty,fatty,soup food;squid noodles
82;Bún Riêu Nhà Cao Thắng;10.771141882244281, 106.68066668777793;District 3;65A, Cao Thang Street, Ban Co Ward, HCM City;1.000 -> 100.000;4.9;07:00 - 22:00;sour,salty,sweet,soup food;crab noodles soup
83;Bún riêu tóp mỡ mọc giòn Cô Hương Béo;10.772138058836884, 106.6799377417408;District 3;110, Cao Thang Street, Ban Co Ward, HCM City;1.000 -> 100.000;3.8;06:30 - 21:30;sour,salty,sweet,crispy;crab noodles soup
84;Lẩu Cá Kèo Rau Đắng;10.772933723767771, 106.67950901425424;District 3;415, Dien Bien Phu Street, Vuon Lai Ward, HCM City;200.000 -> 300.000;4.2;10:30 - 22:00;bitter,salty,hot,spicy;goby fish hot pot
85;Bún Cá Kiên Giang;10.77503261302311, 106.6828230616525;District 3;136/4, Vuon Chuoi Street, Ban Co Ward, HCM City;1.000 -> 100.000;4.0;06:00 - 11:00;sweet,salty,sour,soup food;fish noodles
86;Bánh Mì Sáu Minh;10.774123651147645, 106.68797840611833;District 3;170, Vo Van Tan Street, Ban Co Ward, HCM City;1.000 -> 100.000;3.7;00:00 - 00:00;salty,sweet,fatty,dry food;banh mi
87;Hủ Tiếu Mì A Tỷ;10.773345933806553, 106.68770160985612;District 3;205, Vo Van Tan Street, Ban Co Ward, HCM City;1.000 -> 100.000;4.8;06:00 - 09:30;sweet,salty,fatty,soup food;noodles and egg noodles
88;Bún Cá Bà Hồ;10.778190427194165, 106.68903796169973;District 3;2G, Ho Xuan Huong Street, Xuan Hoa Ward, HCM City;1.000 -> 100.000;4.4;07:00 - 14:00;sweet,salty,sour,soup food;fish noodles
89;Quán lẩu bò Minh;10.778851904472674, 106.68845804589411;District 3;45, Ngo Thoi Nhiem Street, Xuan Hoa Ward, HCM City;100.000 -> 200.000;3.9;06:00 - 22:00;fatty,salty,hot,spicy;beef hot pot
90;Nhân Quán Sài Gòn - Hủ Tiếu Nam Vang;10.777292951003307, 106.68310107492282;District 3;122D, Cach Mang Thang Tam Street, Xuan Hoa Ward, HCM City;1.000 -> 100.000;4.0;00:00 - 00:00;sweet,salty,fatty,soup food;phnom penh noodles
91;Gà Cơ Bắp;10.784347890581598, 106.67334860556835;District 3;171B, Tran Van Dang Street, Nhieu Loc Ward, HCM City;100.000 -> 200.000;4.3;08:00 - 23:00;salty,sweet,fatty,grilled;chicken
92;Hủ Tiếu Mực 96;10.78589414368175, 106.6716742630495;District 3;96, Do Thi Loi Street, Nhieu Loc Ward, HCM City;1.000 -> 100.000;5.0;07:00 - 19:00;sweet,salty,fatty,soup food;squid noodles
93;Bánh Canh Cua Dũng Râu;10.78719571535573, 106.6723412035525;District 3;995, Hoang Sa Street, Nhieu Loc Ward, HCM City;1.000 -> 100.000;4.3;05:00 - 13:00;sweet,salty,fatty,soup food;crab thick noodles soup
94;HỦ TIẾU MỰC PHẠM GIA;10.786804804538846, 106.67371064709414;District 3;969, Hoang Sa Street, Nhieu Loc Ward, HCM City;1.000 -> 100.000;4.8;06:30 - 21:00;sweet,salty,fatty,soup food;squid noodles
95;Tré Trộn 93A;10.783464324126273, 106.68019767198709;District 3;93A, Rach Bung Binh Street, Nhieu Loc Ward, HCM City;1.000 -> 100.000;5.0;09:00 - 23:00;sour,spicy,salty,fermented;fermented pork
96;Bánh Canh Cô Mười;10.78323744876172, 106.68047048648242;District 3;120, Rach Bung Binh Street, Nhieu Loc Ward, HCM City;1.000 -> 100.000;3.9;00:00 - 00:00;sweet,salty,fatty,soup food;thick noodles soup
97;Cháo sườn chợ Tân Định;10.789557258976654, 106.68952499848398;District 3;339, Tran Quoc Toan Street, Xuan Hoa Ward, HCM City;1.000 -> 100.000;4.4;17:30 - 23:00;salty,sweet,fatty,hot;pork rib porridge
98;Phở Bò Phú Gia;10.7863243,106.6845743;District 3;146E, Ly Chinh Thang Street, Xuan Hoa Ward, HCM City;1.000 -> 100.000;4.3;06:00 - 11:00,17:00 - 21:00;sweet,salty,fatty,soup food;pho
99;Quán Miến Kỳ Đồng;10.7830309,106.6821367;District 3;14/5, Ky Dong Street, Nhieu Loc Ward, HCM City;1.000 -> 100.000;4.2;05:30 - 22:30;sweet,salty,fatty,soup food;vermicelli
100;Hủ tíu Bò viên Trường Thạnh;10.76789259200517, 106.67969412756116;District 3;Alley 145/6, Nguyen Thien Thuat Street, Ban Co Ward, HCM City;1.000 -> 100.000;4.0;15:00 - 23:00;sweet,salty,fatty,soup food;beef ball noodles
101;Hủ Tiếu Mì Hỷ Hào;10.763158180154027, 106.70039519435468;District 4;47, Nguyen Huu Hao Street, Khanh Hoi Ward, HCM City;1.000 -> 100.000;4.8;06:00 - 13:30;sweet,salty,fatty,soup food;noodles and egg noodles
102;Quán Bún Mắm 144;10.757623902115402, 106.70022287543878;District 4;144, Khanh Hoi Street, Khanh Hoi Ward, HCM City;1.000 -> 100.000;4.1;06:00 - 21:00;salty,sour,hot,spicy;fermented fish noodles
103;Quán Ốc Vũ;10.761402052395967, 106.70274202982144;District 4;37, Vinh Khanh Street, Khanh Hoi Ward, HCM City;200.000 -> 300.000;4.0;00:00 - 6:00,11:00 - 00:00;sour,spicy,salty,soup food;snails
104;Cơm Tấm Chị Cám;10.758862224714486, 106.69990425781498;District 4;45, Block C3 Tan Vinh Apartment, Nguyen Van Cu Street, Khanh Hoi Ward, HCM City;1.000 -> 100.000;4.1;06:00 - 11:00;salty,sweet,fatty,dry food;broken rice
105;Bò Né Thanh Tuyền;10.765577394213109, 106.70421728345545;District 4;20/6-7, Nguyen Truong To Street, Xom Chieu Ward, HCM City;1.000 -> 100.000;4.5;06:00 - 11:00;salty,fatty,spicy,hot;sizzling beef
106;Quán Bún Bò Huế - Vinh Hiền;10.761209808422226, 106.69978415108059;District 4;J26, Vinh Hoi Apartment Area, Khanh Hoi Ward, HCM City;1.000 -> 100.000;4.5;06:00 - 13:30,16:00 - 21:00;spicy,salty,sweet,balanced taste;hue beef noodles
107;Hủ Tiếu Khô Dì Hai;10.75858915009299, 106.7035248627046;District 4;266/98, Ton Dan Street, Khanh Hoi Ward, HCM City;1.000 -> 100.000;4.9;11:30 - 21:00;sweet,salty,fatty,dry food;dry noodles
108;Hủ Tiếu Mì Hoành Thánh 44;10.765051862969045, 106.70338318203468;District 4;44, Le Quoc Hung Street, Xom Chieu Ward, HCM City;1.000 -> 100.000;4.3;06:00 - 13:30;sweet,salty,fatty,soup food;noodles with wonton
109;Bún Đậu Mắm Tôm Tràng An Quán;10.764347482517806, 106.70494047081851;District 4;88, Hoang Dieu Street, Xom Chieu Ward, HCM City;1.000 -> 100.000;4.2;08:00 - 21:00;salty,sour,spicy,dry food;vermicelli with tofu
110;Bánh Canh Cua Dì Bình;10.759696013992574, 106.71134491916794;District 4;28, Xom Chieu Street, Xom Chieu Ward, HCM City;1.000 -> 100.000;4.7;5:45 - 20:45;sweet,salty,fatty,soup food;crab thick noodles soup
111;Cơm Gà Xóm Chiếu;10.759520804447384, 106.71101838011639;District 4;12, Xom Chieu Street, Xom Chieu Ward, HCM City;1.000 -> 100.000;4.3;09:00 - 23:00;salty,sweet,fatty,dry food;chicken rice
112;Mì Khô Xá Xíu Gia Phúc;10.756302259582814, 106.7099026408634;District 4;198B, Xom Chieu Street, Xom Chieu Ward, HCM City;1.000 -> 100.000;4.3;08:30 - 22:00;salty,sweet,fatty,dry food;dry noodles with char siu
113;Quán Bánh Xèo Miền Tây;10.755491067691926, 106.70920008252666;District 4;202A, Xom Chieu Street, Xom Chieu Ward, HCM City;1.000 -> 100.000;4.7;14:00 - 22:00;salty,fatty,crispy,hot;vietnamese pancake
114;Quán Phá Lấu Bò Cô Thảo;10.75666417515219, 106.70736950971681;District 4;243/29G, Ton Dan Street, Khanh Hoi Ward, HCM City;1.000 -> 100.000;4.2;11:00 - 21:00;sweet,salty,fatty,hot;beef offal stew
115;Bánh Cuốn Nóng - Bánh Ướt Cô Lan;10.755594639279481, 106.70606203341976;District 4;283, Ton Dan Street, Khanh Hoi Ward, HCM City;1.000 -> 100.000;5.0;6:00 - 12:00;salty,sweet,fatty,hot;steamed rice rolls
116;Bánh Tằm Bì Đồng Tháp;10.75564742460756, 106.6740708638612;District 5;352, Nguyen Trai Street, An Dong Ward, HCM City;1.000 -> 100.000;3.6;08:00 - 19:00;sweet,salty,fatty,dry food;rice noodles with shredded skin
117;Quán LẨU Bàu Sen;10.757764241665818, 106.67832252872329;District 5;132, Le Hong Phong Street, Cho Quan Ward, HCM City;200.000 -> 300.000;4.0;15:00 - 23:00;salty,spicy,fatty,hot;hot pot
118;Canh Tiềm Minh Ký;10.752925042186058, 106.67349506986218;District 5;189, Tran Tuan Khai Street, An Dong Ward, HCM City;200.000 -> 300.000;4.5;10:00 - 22:00;sweet,salty,fatty,hot;herbal soup
119;Bún Bò Thố Đá Bếp Ông Lập;10.756516667720868, 106.67314036991812;District 5;292B, Tran Phu Street, An Dong Ward, HCM City;1.000 -> 100.000;4.8;06:30 - 21:30;spicy,salty,sweet,balanced taste;hue beef noodles
120;Bánh Cuốn Quảng Đông Lư Gia;10.753624272429459, 106.67059064835762;District 5;Alley 60/29, Tran Hung Dao Street, An Dong Ward, HCM City;1.000 -> 100.000;4.9;07:00 - 15:00;salty,fatty,fragrant,northern taste;steamed rice rolls
121;Xôi Cade Trần Phú;10.753501665220606, 106.66979678789204;District 5;451, Tran Phu Street, An Dong Ward, HCM City;1.000 -> 100.000;4.3;18:00 - 23:00;sweet,fatty,fragrant,sweet dessert;cade sticky rice
122;Bánh canh cua Bà Ba;10.755371029041836, 106.68551318117149;District 5;84/6, Nguyen Bieu Street, Cho Quan Ward, HCM City;1.000 -> 100.000;4.6;08:00 - 20:00;sweet,salty,fatty,soup food;crab thick noodles soup
123;Bánh Xèo Ngọc Sơn;10.753178,106.6665604;District 5;103, Ngo Quyen Street, Cho Lon Ward, HCM City;1.000 -> 100.000;4.2;09:00 - 21:00;salty,fatty,crispy,hot;vietnamese pancake
124;Mì Vịt Tiềm Thiêm Huy;10.7551247,106.6727659;District 5;455, Nguyen Trai Street, An Dong Ward, HCM City;100.000 -> 200.000;4.4;07:30 - 01:30;salty,sweet,fatty,soup food;duck noodles soup
125;Xôi ghẹ Dòn;10.753221248131064, 106.67711468756289;District 5;59B, Huynh Man Dat Street, An Dong Ward, HCM City;1.000 -> 100.000;4.9;10:00 - 19:30;salty,fatty,crispy,dry food;crab sticky rice
126;Bún Cá Châu Đốc Dì 7 Lửa;10.753089172885915, 106.67531115982042;District 5;52, Bui Huu Nghia Street, An Dong Ward, HCM City;1.000 -> 100.000;4.2;06:30 - 12:00;sweet,salty,sour,soup food;fish noodles
127;Hủ tiếu nam vang Đạt Thành;10.752762678246235, 106.67113246536982;District 5;31, Tran Hung Dao Street, An Dong Ward, HCM City;1.000 -> 100.000;4.1;00:00 - 00:00;sweet,salty,fatty,soup food;phnom penh noodles
128;Mì Vịt Tiềm Sủi Cảo Hào Ký;10.752738339315401, 106.67058247866261;District 5;49B, Tran Hung Dao Street, An Dong Ward, HCM City;1.000 -> 100.000;4.5;06:00 - 21:30;salty,sweet,fatty,soup food;duck noodles with dumplings
129;Mì gà Ngũ Long;10.752835187668516, 106.66793462635141;District 5;Alley 418, Tran Phu Street, An Dong Ward, HCM City;1.000 -> 100.000;4.1;06:00 - 21:30;salty,sweet,fatty,soup food;chicken noodles
130;Chè Cột Điện;10.75211020541179, 106.65819204071325;District 5;476, Tran Hung Dao Street, Cho Lon Ward, HCM City;1.000 -> 100.000;4.2;17:00 - 22:30;sweet,fatty,cold,sweet dessert;sweet soup
131;Học Lạc Dimsum;10.752337605359756, 106.65472010254672;District 5;38B, Hoc Lac Street, Cho Lon Ward, HCM City;100.000 -> 200.000;4.2;06:00 - 12:00,15:00 - 21:00;salty,sweet,fatty,dimsum;dimsum
132;Bánh Cuốn Hong Kong;10.753589409588288, 106.65724813706916;District 5;189/1, Phung Hung Street, Cho Lon Ward, HCM City;1.000 -> 100.000;4.5;06:30 - 09:00;salty,fatty,fragrant,northern taste;steamed rice rolls
133;Sủi cảo Đại Nương;10.753950668098362, 106.65830622766872;District 5;125, Chau Van Liem Street, Cho Lon Ward, HCM City;1.000 -> 100.000;4.5;07:00 - 21:00;salty,sweet,fatty,dimsum;dumplings
134;Tiệm Mì Đông Hỷ;10.752918161076877, 106.6586763124107;District 5;85, Chau Van Liem Street, Cho Lon Ward, HCM City;1.000 -> 100.000;4.8;06:00 - 11:00,16:30 - 22:00;salty,sweet,fatty,northern taste;noodles
135;Bột chiên Ông Tàu;10.752880870033291, 106.65815438802699;District 5;817, Nguyen Trai Street, Cho Lon Ward, HCM City;1.000 -> 100.000;4.4;18:00 - 23:00;salty,fatty,crispy,hot;fried flour cubes
136;Hủ Tiếu Hồ Mùi Día;10.748101855763613, 106.65564774093313;District 5;46, Go Cong Street, Cho Lon Ward, HCM City;1.000 -> 100.000;4.5;11:30 - 18:00;sweet,salty,fragrant,soup food;noodles soup
137;Mì Gói Bò Viên Chú Lý;10.757525082161111, 106.66269511046497;District 5;31, Nguyen Kim Street, Cho Lon Ward, HCM City;1.000 -> 100.000;4.1;09:00 - 14:00;salty,sweet,fatty,soup food;instant noodles with beef balls
138;Quán Cơm Người Hẹ;10.758741233058107, 106.66179342318073;District 5;39/20, Ly Thuong Kiet Street, Dien Hong Ward, HCM City;100.000 -> 300.000;4.2;10:00 - 19:00;salty,sweet,fatty,dry food;rice
139;Bún Nước Lèo Sóc Trăng Chính Hiệu;10.755563550294935, 106.65643835717732;District 5;96, Pham Huu Chi Street, Cho Lon Ward, HCM City;1.000 -> 100.000;4.5;09:00 - 21:00;sweet,salty,fatty,soup food;broth noodles
140;Cháo thập cẩm 34 Tạ Uyên;10.754869136288198, 106.65395298921851;District 5;34, Ta Uyen Street, Cho Lon Ward, HCM City;1.000 -> 100.000;4.2;18:00 - 02:00;salty,sweet,fatty,hot;mixed porridge
141;Cơm Gà Quay Xá Xíu Hoà Ký;10.750842544048346, 106.67550004324397;District 5;24, Dao Tan Street, An Dong Ward, HCM City;1.000 -> 100.000;4.7;10:00 - 21:00;salty,sweet,fatty,dry food;roast chicken rice
142;Mì Chú Cao;10.753910452324787, 106.68199628490437;District 5;59, Tran Binh Trong Street, Cho Quan Ward, HCM City;1.000 -> 100.000;4.4;07:00 - 21:00;salty,sweet,fatty,soup food;noodles
143;Hủ tiếu dê Tiến Nhân;10.758571067636927, 106.6625779663606;District 5;189B, Nguyen Chi Thanh Street, Cho Lon Ward, HCM City;1.000 -> 100.000;4.1;06:00 - 13:00;sweet,salty,fatty,soup food;goat noodles
144;Bún Riêu Cua - Ốc Phan Rang;10.759786805266415, 106.66422114410184;District 5;203, Alley 189 Dao Duy Tu Street, Dien Hong Ward, HCM City;1.000 -> 100.000;4.3;06:30 - 21:00;sour,salty,sweet,soup food;crab noodles soup
145;Tiệm Sâm Hữu Duyên;10.75270256663867, 106.66659647992115;District 5;47, Ngo Quyen Street, Cho Lon Ward, HCM City;1.000 -> 100.000;4.5;07:00 - 21:30;sweet,fatty,fragrant,drinks;ginseng
146;Há Cảo Minh Ký;10.752417769168604, 106.66994074344494;District 5;76, Nguyen Thoi Trung Street, An Dong Ward, HCM City;1.000 -> 100.000;4.5;15:30 - 21:30;salty,sweet,fatty,dimsum;shrimp dumplings
147;Hủ tiếu BÒ VIÊN Hằng Vân;10.75142014196883, 106.67401469310245;District 5;46, Bach Van Street, An Dong Ward, HCM City;1.000 -> 100.000;4.5;15:00 - 22:00;sweet,salty,fatty,soup food;beef ball noodles
148;Mì Vịt Tiềm Phước;10.751472844468168, 106.67433655815657;District 5;30, Bach Van Street, An Dong Ward, HCM City;1.000 -> 100.000;4.8;15:00 - 22:00;salty,sweet,fatty,soup food;duck noodles soup
149;Bột Chiên Hai Chị Em;10.751472185517509, 106.67460075579964;District 5;26, Bach Van Street, An Dong Ward, HCM City;1.000 -> 100.000;4.7;15:00 - 19:00;salty,fatty,crispy,hot;fried flour cubes
150;BÁNH CANH CUA Cô Tư;10.751489972496122, 106.67516536092018;District 5;45, Bach Van Street, An Dong Ward, HCM City;100.000 -> 200.000;3.2;14:00 - 18:00;sweet,salty,fatty,soup food;crab thick noodles soup
151;Khổ Qua Cà Ớt Tỷ Muội;10.754752829881648, 106.67463405674744;District 5;522, Phan Van Tri Street, An Dong Ward, HCM City;1.000 -> 100.000;4.3;16:00 - 19:00;bitter,spicy,salty,bitter;bitter melon
152;Bánh Cuốn Chả Mực Yến;10.755618457722383, 106.67644924174702;District 5;117, Huynh Man Dat Street, An Dong Ward, HCM City;1.000 -> 100.000;4.5;06:00 - 13:00,16:00 - 21:00;salty,fatty,fragrant,northern taste;steamed rice rolls with squid cake
153;Bún cá Yến Nha Trang;10.758976220659628, 106.67751636759128;District 5;410, An Duong Vuong Street, Cho Quan Ward, HCM City;1.000 -> 100.000;4.0;06:00 - 22:00;sweet,salty,sour,soup food;fish noodles
154;Bánh ướt lòng gà Trang Đà Lạt;10.753746213419712, 106.68201813803212;District 5;52, Tran Binh Trong Street, Cho Quan Ward, HCM City;1.000 -> 100.000;4.6;08:00 - 21:00;salty,sweet,fatty,dry food;wet cake with chicken organs
155;Xôi Bò Bạch Vân;10.751311945277834, 106.67366327610459;District 5;78, Bach Van Street, An Dong Ward, HCM City;1.000 -> 100.000;4.8;06:35 - 11:00;salty,sweet,fatty,dry food;beef sticky rice
156;Bún Bò Huế Nhân Trí 1;10.762197092052846, 106.6761754305028;District 10;295, Le Hong Phong Street, Vuon Lai Ward, HCM City;1.000 -> 100.000;3.4;06:00 - 23:00;spicy,salty,sweet,balanced taste;hue beef noodles
157;Cháo Tám Hói;10.755951909905129, 106.67841238296539;District 10;08, Phan Van Tri Street, Cho Quan Ward, HCM City;1.000 -> 100.000;4.1;11:30 - 19:00;salty,sweet,fatty,hot;porridge
158;Chè Tường Phong;10.751512432818405, 106.66510308890338;District 10;83, An Diem Street, Cho Lon Ward, HCM City;1.000 -> 100.000;4.4;17:30 - 21:00;sweet,fatty,cold,sweet dessert;sweet soup
159;Chè Bưởi & Tàu hủ đá Ngô Quyền;10.76419002397686, 106.66459591030389;District 10;252, Ngo Quyen Street, Dien Hong Ward, HCM City;1.000 -> 100.000;4.5;16:00 - 22:00;sweet,cool,cold,sweet dessert;sweet soup
160;Lẩu Bò Trì Phương;10.763867683734269, 106.66421658946574;District 10;334, Nhat Tao Street, Dien Hong Ward, HCM City;100.000 -> 200.000;4.8;08:00 - 22:00;fatty,salty,hot,spicy;beef hot pot
161;Cơm tấm Bé Bự;10.764231409726706, 106.6661553250738;District 10;221, Nhat Tao Street, Dien Hong Ward, HCM City;1.000 -> 100.000;4.0;06:00 - 11:30;salty,sweet,fatty,dry food;broken rice
162;Hủ tiếu mực;10.7644249843828, 106.66222055808284;District 10;659, Ba Hat Street, Dien Hong Ward, HCM City;1.000 -> 100.000;4.2;06:00 - 11:30;sweet,salty,fatty,soup food;squid noodles
163;Chè Mâm Khánh Vy;10.76168676646257, 106.67314525450011;District 10;32, Block H, Vuon Lai Ward, HCM City;1.000 -> 100.000;4.3;14:30 - 22:30;sweet,fatty,cold,sweet dessert;sweet soup
164;Bánh canh cua Út Lệ;10.779187445256582, 106.6668988985326;District 10;210, To Hien Thanh Street, Hoa Hung Ward, HCM City;1.000 -> 100.000;4.0;15:00 - 22:30;sweet,salty,fatty,soup food;crab thick noodles soup
165;Phá lấu Bò;10.76523448820035, 106.66586045522483;District 10;533, Ba Hat Street, Dien Hong Ward, HCM City;1.000 -> 100.000;4.5;16:30 - 20:00;sweet,salty,fatty,hot;beef offal stew
166;Cơm tấm đêm 628;10.769597912906203, 106.67136572344681;District 10;628, Su Van Hanh Street, Vuon Lai Ward, HCM City;1.000 -> 100.000;4.5;22:00 - 02:00;salty,sweet,fatty,dry food;broken rice
167;Phở Vân;10.773798833069701, 106.66871953686064;District 10;786, Su Van Hanh Street, Hoa Hung Ward, HCM City;1.000 -> 100.000;4.5;06:00 - 17:00;sweet,salty,fatty,soup food;pho
168;Chả Cá Đế Vương;10.774116639000162, 106.66819173026776;District 10;503, Su Van Hanh Street, Hoa Hung Ward, HCM City;100.000 -> 200.000;4.9;10:30 - 14:00,16:30 - 21:30;salty,fatty,fragrant,northern taste;grilled fish
169;Bò tơ Nhân Phát;10.77466612835741, 106.67591718312478;District 10;175B, Cao Thang Street, Hoa Hung Ward, HCM City;200.000 -> 300.000;4.6;11:00 - 23:00;fresh,cool,fatty,southern taste;young beef
170;XÔI DÌ GÁI;10.77434253189018, 106.67830285827608;District 10;218, 3 Thang 2 Street, Hoa Hung Ward, HCM City;1.000 -> 100.000;4.8;6:00 - 22:00;sweet,fatty,fragrant,dry food;sticky rice
171;Bún đậu A Chảnh;10.77608070288587, 106.6637442791199;District 10;175, Thanh Thai Street, Dien Hong Ward, HCM City;1.000 -> 100.000;4.0;09:00 - 22:00;salty,sour,spicy,dry food;vermicelli with tofu
172;Cháo Gà Vịt Bà Lâm;10.776621834221983, 106.66435926690879;District 10;Alley 343/2, To Hien Thanh Street, Hoa Hung Ward, HCM City;1.000 -> 100.000;4.1;10:00 - 23:00;salty,sweet,fatty,hot;chicken duck porridge
173;Bún thịt nướng Kiều Bảo CN Tô Hiến Thành;10.776518401312586, 106.66558930557092;District 10;Alley 339/12, To Hien Thanh Street, Hoa Hung Ward, HCM City;1.000 -> 100.000;4.2;11:00 - 21:00;salty,sweet,fatty,dry food;grilled pork vermicelli
174;BẮP NƯỚNG MỠ HÀNH CHUNG CƯ ẤN QUANG;10.767777463348095, 106.67036713861921;District 10;Alley 351/5, Ly Thai To Street, Vuon Lai Ward, HCM City;1.000 -> 100.000;4.5;16:30 - 22:30;salty,fatty,fragrant,grilled;grilled corn
175;Cháo ếch Singapore Ngã 7;10.767926176496522, 106.67365360895592;District 10;404, Ly Thai To Street, Vuon Lai Ward, HCM City;1.000 -> 100.000;5.0;17:00 - 22:00;salty,sweet,fatty,hot;frog porridge
176;Lẩu Cá Đuối Vũng Tàu 384;10.767906891530957, 106.67380306400197;District 10;Alley 384, Ly Thai To Street, Vuon Lai Ward, HCM City;100.000 -> 200.000;4.6;15:00 - 02:00;salty,sweet,fatty,hot;stingray hot pot
177;Bún Cá Ốc Dì Giang;10.765316923407777, 106.67209385481591;District 10;217, Su Van Hanh Street, Vuon Lai Ward, HCM City;1.000 -> 100.000;4.6;15:00 - 23:00;sweet,salty,sour,soup food;fish and snail noodles
178;Hủ tíu bò viên Vĩnh Viễn;10.764374782300223, 106.67076115009083;District 10;153, Vinh Vien Street, Vuon Lai Ward, HCM City;1.000 -> 100.000;3.3;14:30 - 01:00;sweet,salty,fatty,soup food;beef ball noodles
179;Cơm Tấm 229 Vĩnh Viễn;10.763954066220094, 106.66885634241392;District 10;229, Vinh Vien Street, Vuon Lai Ward, HCM City;1.000 -> 100.000;4.3;07:30 - 21:00;salty,sweet,fatty,dry food;broken rice
180;Bánh canh cua gia truyền Cô Dung;10.763554931825317, 106.6672847530576;District 10;291, Vinh Vien Street, Dien Hong Ward, HCM City;1.000 -> 100.000;4.1;08:00 - 22:00;sweet,salty,fatty,soup food;crab thick noodles soup
181;Hủ Tíu Mì 369 Vĩnh Viễn;10.763162603584188, 106.66579867758456;District 10;369, Vinh Vien Street, Dien Hong Ward, HCM City;1.000 -> 100.000;4.1;06:00 - 11:30,15:30 - 21:00;sweet,salty,fatty,soup food;noodles and egg noodles
182;Bún Riêu Truyền Thống Kim Vân;10.763531167109859, 106.66555971985828;District 10;Alley 464/14, Vinh Vien Street, Dien Hong Ward, HCM City;1.000 -> 100.000;4.5;07:00 - 19:00;sour,salty,sweet,soup food;crab noodles soup
183;Bánh Canh Cua Hoàng Lan;10.763411442623388, 106.66515707635675;District 10;Alley 486/3, Vinh Vien Street, Dien Hong Ward, HCM City;1.000 -> 100.000;4.2;10:00 - 21:00;sweet,salty,fatty,soup food;crab thick noodles soup
184;Quán Há cảo Ngọc Lan;10.763182650165687, 106.66483337422406;District 10;500, Vinh Vien Street, Dien Hong Ward, HCM City;1.000 -> 100.000;4.3;09:00 - 22:00;salty,sweet,fatty,dimsum;shrimp dumplings
185;Cháo lòng Miền Tây 385;10.759331835251565, 106.6438297987331;District 11;Alley 385, Minh Phung Street, Binh Thoi Ward, HCM City;1.000 -> 100.000;4.7;15:00 - 22:00;salty,fatty,hot,soup food;offal porridge
186;Bún Quậy Tâm Quán;10.765120152195228, 106.6464340930151;District 11;175, Binh Thoi Street, Binh Thoi Ward, HCM City;1.000 -> 100.000;4.7;06:45 - 13:30, 15:45 - 22:00;salty,sweet,fresh,grilled;stirred vermicelli
187;Súp Cua Cô Yến;10.758364082974555, 106.64349775128811;District 11;333A, Han Hai Nguyen Street, Minh Phung Ward, HCM City;1.000 -> 100.000;4.9;12:00 - 16:30;sweet,fatty,salty,hot;crab soup
188;Hủ Tiếu Chay Cây Đề;10.771270099624932, 106.65051704203371;District 11;138, Au Co Street, Tan Hoa Ward, HCM City;1.000 -> 100.000;4.7;06:00 - 22:00;sweet,salty,vegetarian,soup food;vegetarian noodles
189;Kem Trái Dừa Bình Thới;10.758349585183558, 106.64371788525118;District 11;325, Han Hai Nguyen Street, Binh Thoi Ward, HCM City;1.000 -> 100.000;4.1;08:00 - 23:00;sweet,fatty,cool,sweet dessert;coconut ice cream
190;Quán Bánh Canh Vịt Cai Lậy;10.757768449063986, 106.64357645778969;District 11;Alley 347, Minh Phung Street, Minh Phung Ward, HCM City;1.000 -> 100.000;4.3;06:00 - 18:00;sweet,salty,fatty,soup food;duck thick noodles soup
191;Chả Lụi LaGi Cậu Hai;10.755848605987973, 106.64344592578635;District 11;293, Minh Phung Street, Minh Phung Ward, HCM City;1.000 -> 200.000;4.5;14:00 - 22:00;salty,sweet,fatty,grilled;pork rolls
192;Quán Thiên Thiên Sủi Cảo;10.758347497625396, 106.65329892191644;District 11;195, Ha Ton Quyen Street, Minh Phung Ward, HCM City;1.000 -> 100.000;4.2;12:30 - 01:00;salty,sweet,fatty,dimsum;dumplings
193;Gỏi Cuốn Tôm Nhảy;10.76985060660173, 106.64467959074071;District 11;424, Lac Long Quan Street, Hoa Binh Ward, HCM City;1.000 -> 100.000;4.3;10:00 - 18:00;fresh,cool,sour,spicy;spring rolls
194;Bún Riêu - Canh Bún THANH TRÚC;10.769367642282909, 106.64526393039351;District 11;19D, Lac Long Quan Street, Hoa Binh Ward, HCM City;1.000 -> 100.000;4.6;07:00 - 21:00;sour,salty,sweet,soup food;crab noodles soup
195;Bún bò Cây Nho;10.768641592111772, 106.643436978454;District 11;343G, Lac Long Quan Street, Hoa Binh Ward, HCM City;1.000 -> 100.000;4.9;09:30 - 21:30;spicy,salty,sweet,balanced taste;hue beef noodles
196;Bánh Canh Cá Lóc Bột Gạo Xắt Trung Tín;10.768258932056597, 106.64367207298125;District 11;324, Lac Long Quan Street, Hoa Binh Ward, HCM City;1.000 -> 100.000;4.7;06:00 - 21:00;sweet,salty,fatty,soup food;snakehead fish thick noodles
197;Quán Cơm Gà Trình Ký;10.76731360142295, 106.64263489139303;District 11;339, Lac Long Quan Street, Hoa Binh Ward, HCM City;1.000 -> 100.000;4.3;06:00 - 21:00;salty,sweet,fatty,dry food;chicken rice
198;Bạch tuộc nướng Kiên Giang;10.767351419744973, 106.64153890150384;District 11;38, Hoa Binh Street, Hoa Binh Ward, HCM City;100.000 -> 200.000;4.2;14:30 - 00:00;salty,sweet,crispy,grilled;grilled octopus
199;Bánh canh cua Ngọc Sang;10.762307835079966, 106.64210166653328;District 11;145, Lac Long Quan Street, Binh Thoi Ward, HCM City;1.000 -> 100.000;4.5;06:30 - 19:00;sweet,salty,fatty,soup food;crab thick noodles soup
200;Bún Bò Huế Kim Anh;10.747168122603036, 106.6812663616739;District 8;Alley 28/41A, Au Duong Lan Street, Chanh Hung Ward, HCM City;1.000 -> 100.000;4.5;06:30 - 21:00;spicy,salty,sweet,balanced taste;hue beef noodles
201;Đậu hủ chiên giòn rau răm muối tiêu;10.745391583231259, 106.68255272717971;District 8;154/34, Au Duong Lan Street, Chanh Hung Ward, HCM City;1.000 -> 100.000;4.8;18:00 - 23:00;crispy,salty,fragrant,spicy;fried tofu with pepper salt
202;Cơm tấm Cô Chi Q8;10.744860282116049, 106.68696100910127;District 8;125/164, Ta Quang Buu Street, Chanh Hung Ward, HCM City;1.000 -> 100.000;5.0;23:40 - 06:00;salty,sweet,fatty,dry food;broken rice with pork
203;Xúc xích Đức - Anh Ba Tây;10.747116169149459, 106.68886975003635;District 8;174, Duong Ba Trac Street, Chanh Hung Ward, HCM City;1.000 -> 100.000;4.2;06:00 - 09:00,15:30 - 21:00;salty,fatty,sweet;german sausages
204;Bánh Căn Tháp Bà;10.743354695878635, 106.67047059080377;District 8;Pham The Hien Street, Chanh Hung Ward, HCM City;1.000 -> 100.000;4.8;16:00 - 23:00;fatty,fragrant,creamy,hot;mini rice cakes
205;Bánh canh Mỹ Tho;10.742371063882164, 106.66924211351105;District 8;154, Dao Cam Moc Street, Chanh Hung Ward, HCM City;1.000 -> 100.000;4.7;06:00 - 18:00;sweet,salty,fatty,soup food;thick noodles soup
206;Cơm gà Trường Giang;10.733802873343125, 106.64430643890145;District 8;2208/2, Pham The Hien Street, Binh Dong Ward, HCM City;1.000 -> 100.000;4.8;16:00 - 00:00;salty,sweet,fatty,dry food;chicken rice
207;Quán Hủ Tiếu Chay Cô Hai;10.716717993310251, 106.62903928825108;District 8;11, Le Thanh Phuong Street, Phu Dinh Ward, HCM City;1.000 -> 100.000;4.5;06:00 - 21:00;sweet,salty,vegetarian,soup food;vegetarian noodles soup
208;Hủ Tiếu Nam Tàu;10.702204519744171, 106.62211079850474;District 8;3158, Pham The Hien Street, Binh Dong Ward, HCM City;1.000 -> 100.000;4.3;06:00 - 10:30;sweet,salty,fatty,soup food;noodles soup
209;Gỏi Vịt THANH THẢO;10.728503208635342, 106.63829812577893;District 8;2537, Pham The Hien Street, Binh Dong Ward, HCM City;1.000 -> 100.000;4.7;11:30 - 22:30;sour,sweet,salty,fresh;duck salad
210;Lẩu Dê 4.4;10.739319001592014, 106.7086227531115;District 7;434, Nguyen Thi Thap Street, Tan Hung Ward, HCM City;200.000 -> 300.000;4.0;08:00 - 00:00;fragrant,fatty,hot,spicy;goat hot pot
211;Bánh Canh Hẹ Út Quyên;10.75163836919332, 106.70831130796411;District 7;437, Tran Xuan Soan Street, Tan Hung Ward, HCM City;1.000 -> 100.000;5.0;06:00 - 21:00;sweet,salty,fatty,soup food;chive thick noodles soup
212;Bún Đậu 3 Nàng;10.742061785532156, 106.71009577272669;District 7;1B, Street No. 10, Tan Hung Ward, HCM City;1.000 -> 100.000;5.0;10:00 - 22:00;salty,sour,spicy,dry food;vermicelli with tofu
213;Bún Cá Kiên Giang - Rạch Giá;10.737236405425472, 106.70300669834147;District 7;438, Le Van Luong Street, Tan Hung Ward, HCM City;1.000 -> 100.000;5.0;7:00 - 16:00;sweet,salty,sour,soup food;fish noodles soup
214;Bún Bò Huế Ánh Sen;10.730221228003554, 106.70702890397891;District 7;82, Street No. 6, Tan Hung Ward, HCM City;1.000 -> 100.000;4.4;06:30 - 22:00;spicy,salty,sweet,balanced taste;hue beef noodles
215;Ốc Linh;10.732822454636398, 106.7096445884753;District 7;19, Phan Khiem Ich Street, Tan Hung Ward, HCM City;200.000 -> 300.000;3.8;15:00 - 03:00;sour,spicy,salty,soup food;snails
216;Bún bò Vỹ Dạ Xưa;10.731214109949603, 106.71032420608216;District 7;2, Le Van Thiem Street, Tan Hung Ward, HCM City;1.000 -> 100.000;4.3;06:00 - 21:00;spicy,salty,sweet,balanced taste;hue beef noodles
217;Phở khô Gia Lai Thùy Linh;10.740872330815792, 106.70451478635161;District 7;357, Le Van Luong Street, Tan Hung Ward, HCM City;1.000 -> 100.000;4.3;07:00 - 14:00;sweet,salty,fatty,dry food;dry pho
218;BÁNH XÈO CÔ ÚT MIỀN TÂY QUẬN 7;10.746559552729233, 106.70788010351392;District 7;76, Street No. 11, Tan Hung Ward, HCM City;1.000 -> 100.000;4.8;11:00 - 19:30;salty,fatty,crispy,hot;vietnamese pancake
219;Chả lụi Pháo;10.743809905030211, 106.71017141509417;District 7;17B, Street No. 10, Tan Hung Ward, HCM City;1.000 -> 100.000;4.5;16:00 - 21:30;salty,sweet,fatty,grilled;pork skewers
220;Bún mắm Cô Yến;10.743143168438754, 106.7103473577179;District 7;56, Street No. 27, Tan Hung Ward, HCM City;1.000 -> 100.000;4.4;07:00 - 21:00;salty,sour,hot,spicy;fermented fish noodles
221;Lẩu bò Tiến Dương;10.742167753665598, 106.71021163072106;District 7;2E, Street No. 10, Tan Hung Ward, HCM City;100.000 -> 200.000;4.3;11:00 - 23:00;fatty,salty,hot,spicy;beef hot pot
222;Bánh Canh Cá Nha Trang Cô Linh;10.740490011597013, 106.70809770637808;District 7;Street No. 34, Tan Hung Ward, HCM City;1.000 -> 100.000;4.8;11:00 - 22:00;sweet,salty,sour,soup food;fish thick noodles soup
223;Phở khô Gia Lai Thùy Linh;10.74453052428399, 106.7058559858859;District 7;34, Street No. 2, Tan Hung Ward, HCM City;1.000 -> 100.000;4.8;06:00 - 12:00;sweet,salty,fatty,dry food;dry pho
224;Thuận Ký - Cơm Phủ Trứng - Q7;10.740415898940034, 106.70567678612987;District 7;52, Street No. 81, Tan Hung Ward, HCM City;1.000 -> 100.000;4.9;10:00 - 22:00;salty,fatty,sweet,dry food;rice with egg
225;Hủ Tiếu Miền Tây Ông Mừng;10.739603777671899, 106.7095864206967;District 7;85a, Street No. 85, Tan Hung Ward, HCM City;1.000 -> 100.000;4.9;07:00 - 21:00;sweet,salty,fatty,soup food;noodles soup
226;Cháo ếch Cán Anh;10.737152074211501, 106.70567053979418;District 7;186, Street No. 40, Tan Hung Ward, HCM City;1.000 -> 100.000;4.6;11:00 - 23:30;salty,sweet,fatty,hot;frog porridge
227;Gà ác Vĩnh Quý;10.74022343363799, 106.70479969580308;District 7;59, Street No. 81, Tan Hung Ward, HCM City;100.000 -> 200.000;4.2;10:00 - 22:00;nutritious,sweet,fatty,hot;black chicken
228;Bánh Canh Huế Phú Lộc;10.739478540964678, 106.70367777457611;District 7;391, Le Van Luong Street, Tan Hung Ward, HCM City;1.000 -> 100.000;4.1;06:00 - 22:00;sweet,salty,fatty,balanced taste;thick noodles soup
229;Bánh Canh Cá Nha Trang Cô Linh;10.740490011597013, 106.70809770637808;District 7;Street No. 34, Tan Hung Ward, HCM City;1.000 -> 100.000;4.8;11:00 - 22:00;sweet,salty,sour,soup food;fish thick noodles soup
230;Bánh cuốn Thu Hiền;10.799042960676452, 106.69370487736147;Phu Nhuan District;95, Van Kiep Street, Gia Dinh Ward, HCM City;1.000 -> 100.000;4.8;05:00 - 12:00;salty,fatty,fragrant,hot;steamed rice rolls
231;Tàu Hủ Cóc;10.797300558480083, 106.688327930092;Phu Nhuan District;32, Hoa Su Street, Cau Kieu Ward, HCM City;1.000 -> 100.000;4.5;11:00 - 22:30;sweet,fatty,cool,sweet dessert;tofu pudding
232;Bún Cá Châu Đốc Bà Bảy;10.79911318996453, 106.6883662741929;Phu Nhuan District;25, Hoa Hue Street, Cau Kieu Ward, HCM City;1.000 -> 100.000;4.6;06:30 - 21:30;sweet,salty,sour,soup food;fish noodles soup
233;Cà Ri Gà Ngọc Hân;10.799663810764109, 106.68568798852954;Phu Nhuan District;384, Phan Xich Long Street, Cau Kieu Ward, HCM City;1.000 -> 100.000;4.1;07:00 - 20:00;spicy,fragrant,fatty,hot;chicken curry
234;Bánh Canh Cá Lóc Huế;10.797681944939814, 106.68938995969154;Phu Nhuan District;198, Phan Xich Long Street, Cau Kieu Ward, HCM City;1.000 -> 100.000;4.4;10:00 - 20:00;sweet,salty,fatty,balanced taste;snakehead fish thick noodles
235;Bánh đúc Phan Đăng Lưu;10.803314151428497, 106.68395041406947;Phu Nhuan District;116/2/3, Phan Dang Luu Street, Duc Nhuan Ward, HCM City;1.000 -> 100.000;4.0;salty,fatty,fragrant,cold;steamed rice cake
236;Bánh Bò Thốt Nốt Nguyễn Sơn;10.804860424514262, 106.67908601219378;Phu Nhuan District;6, Le Tu Tai Street, Duc Nhuan Ward, HCM City;1.000 -> 100.000;4.4;07:00 - 00:00;sweet,fatty,fragrant,sweet dessert;steamed rice cake
237;Cơm tấm Hải Lùn;10.803401764615355, 106.6843563815103;Phu Nhuan District;1A, Thich Quang Duc Street, Duc Nhuan Ward, HCM City;1.000 -> 100.000;4.3;08:00 - 20:30;salty,sweet,fatty,dry food;broken rice
238;Bánh canh bột xắt CÔ CHẰN;10.803578506644968, 106.68037329232854;Phu Nhuan District;44A, Nguyen Dinh Chieu Street, Duc Nhuan Ward, HCM City;1.000 -> 100.000;4.8;07:00 - 13:00;sweet,salty,fatty,soup food;thick noodles soup
239;Bánh Canh Cua Cô Diệu;10.807282126360894, 106.67859930615747;Phu Nhuan District;Alley 710, Nguyen Kiem Street, Duc Nhuan Ward, HCM City;1.000 -> 100.000;3.8;06:30 - 00:00;sweet,salty,fatty,soup food;crab thick noodles soup
240;Bò lá lốp mỡ chài;10.80781509683937, 106.6786018037339;Phu Nhuan District;734, Nguyen Kiem Street, Duc Nhuan Ward, HCM City;100.000 -> 200.000;4.3;15:00 - 00:00;salty,fatty,fragrant,grilled;beef in betel leaves
241;Quán Bánh Canh Ghẹ Bảy Liên;10.811511890782047, 106.67875572023495;Phu Nhuan District;Alley 778, Nguyen Kiem Street, Duc Nhuan Ward, HCM City;1.000 -> 100.000;4.1;10:00 - 22:00;sweet,salty,fatty,soup food;crab thick noodles soup
242;Mì xào giòn Thúy Nga;10.804076737160909, 106.68257138176838;Phu Nhuan District;Alley 124, Nguyen Dinh Chieu Street, Duc Nhuan Ward, HCM City;1.000 -> 100.000;4.3;16:00 - 22:30;salty,sweet,fatty,crispy;fried noodles
243;Chè chuối nếp nướng nam bộ;10.804190429093284, 106.68559559512056;Phu Nhuan District;80, Phan Dang Luu Street, Duc Nhuan Ward, HCM City;1.000 -> 100.000;4.1;07:00 - 21:00;sweet,fatty,fragrant,sweet dessert;banana sticky rice sweet soup
244;Quán Bánh Cuốn Nóng Hà;10.807697181123215, 106.67823707561288;Phu Nhuan District;8, Bui Van Them Street, Duc Nhuan Ward, HCM City;1.000 -> 100.000;4.2;05:30 - 20:30;salty,fatty,fragrant,hot;steamed rice rolls
245;Hủ tiếu Nam Vang Chị Tư Phú Nhuận;10.801689187935805, 106.68510178522465;Phu Nhuan District;Alley 33, Cam Ba Thuoc Street, Cau Kieu Ward, HCM City;1.000 -> 100.000;5.0;06:00-11:00,16:30 - 20:00;sweet,salty,fatty,soup food;phnom penh noodles soup
246;Xôi chiên 50 Phùng Văn Cung;10.800882334416942, 106.68588567855036;Phu Nhuan District;Alley 50, Phung Van Cung Street, Cau Kieu Ward, HCM City;1.000 -> 100.000;3.9;09:00 - 23:00;sweet,fatty,crispy,fried;fried sticky rice
247;Bánh Xèo Tôm Nhảy Bình Định;10.79913925917356, 106.68746030382702;Phu Nhuan District;4, Phan Xich Long Street, Cau Kieu Ward, HCM City;1.000 -> 100.000;4.1;16:00 - 22:00;salty,fatty,crispy,hot;vietnamese pancake
248;Bánh Bèo Cô Mai Phú Yên;10.799398777498338, 106.68904548938514;Phu Nhuan District;54, Hoa Su Street, Cau Kieu Ward, HCM City;1.000 -> 100.000;4.3;07:00 - 21:00;salty,fatty,sweet,balanced taste;water fern cakes
249;Bún Nước Tôm Bò Cô Lan;10.802239257166438, 106.68985050968496;Phu Nhuan District;Alley 69, Tran Ke Xuong Street, Cau Kieu Ward, HCM City;1.000 -> 100.000;4.4;12:00 - 19:00;sweet,salty,fatty,soup food;noodles soup with shrimp and beef
250;Cháo Lòng - Bánh Xèo Quảng Ngãi;10.812895790501623, 106.71255386622668;Binh Thanh District;91, National Highway 13, Binh Thanh Ward, HCM City;1.000 -> 100.000;4.1;07:00 - 20:30;salty,fatty,hot,soup food;offal porridge
251;Xôi Khúc Bắc Cô Thủy;10.79862613927823, 106.6959414389736;Binh Thanh District;107/15, Le Van Duyet Street, Gia Dinh Ward, HCM City;1.000 -> 100.000;5.0;05:30 - 17:00;sweet,fatty,fragrant,northern taste;sticky rice with mugwort
252;Quán Bánh Bèo Chén;10.808988393216856, 106.70937921719813;Binh Thanh District;130, Dinh Bo Linh Street, Binh Thanh Ward, HCM City;1.000 -> 100.000;4.4;08:00 - 21:00;salty,fatty,sweet,balanced taste;water fern cakes in bowls
253;Xôi gà chợ Bà Chiểu;10.80109666332548, 106.69914078289904;Binh Thanh District;318/1, Bui Huu Nghia Street, Gia Dinh Ward, HCM City;1.000 -> 100.000;3.7;15:00 - 23:00;salty,sweet,fatty,dry food;chicken sticky rice
254;Bún thịt nướng cô Lan;10.791567973589267, 106.70995851111726;Binh Thanh District;55B, Nguyen Cong Tru Street, Thanh My Tay Ward, HCM City;1.000 -> 100.000;4.5;14:00 - 20:00;salty,sweet,fatty,dry food;grilled pork vermicelli
255;Quán Bánh Xèo Miền Tây 139;10.791818935674689, 106.7094750429534;Binh Thanh District;5, Huynh Tinh Cua Street, Thanh My Tay Ward, HCM City;1.000 -> 100.000;4.6;10:00 - 21:30;salty,fatty,crispy,hot;vietnamese pancake
256;Quán Ăn Hủ Tiếu Nam Vang 100;10.792109923983942, 106.7088301796835;Binh Thanh District;100, Nguyen Van Lac Street, Thi Nghe, Thanh My Tay Ward, HCM City;1.000 -> 100.000;4.1;06:00 - 11:30,14:40 - 21:40;sweet,salty,fatty,soup food;phnom penh noodles soup
257;Bún cá xứ Nẫu;10.793152976087333, 106.71062588307375;Binh Thanh District;47, Ngo Tat To Street, Thi Nghe, Thanh My Tay Ward, HCM City;1.000 -> 100.000;4.8;06:00 - 22:00;sweet,salty,sour,soup food;fish noodles soup
258;Quán Mì Quảng 245;10.7944317170184, 106.70239624865674;Binh Thanh District;245, Phan Van Han Street, Gia Dinh Ward, HCM City;1.000 -> 100.000;4.4;06:00 - 12:00,16:00 - 22:00;salty,sweet,fatty,balanced taste;quang style noodles
259;Bún Riêu- Canh Bún Dì 8;10.800334272819011, 106.70828237378564;Binh Thanh District;374, Dien Bien Phu Street, Gia Dinh Ward, HCM City;1.000 -> 100.000;4.8;00:00 - 00:00;sour,salty,sweet,soup food;crab noodles soup
260;Bánh canh bột cắt 158;10.796934123371685, 106.71073342085343;Binh Thanh District;Alley 158, Xo Viet Nghe Tinh Street, Thanh My Tay Ward, HCM City;1.000 -> 100.000;4.5;07:00 - 21:00;sweet,salty,fatty,soup food;thick noodles soup
261;Phượng Cháo Vịt;10.795070184198975, 106.71060288341536;Binh Thanh District;Alley 66/12, Xo Viet Nghe Tinh Street, Thi Nghe, Thanh My Tay Ward, HCM City;1.000 -> 100.000;5.0;11:00 - 15:00;salty,sweet,fatty,hot;duck porridge
262;Hủ Tiếu Sa Tế Tôm;10.794628429262401, 106.70987918350689;Binh Thanh District;21, Nguyen Van Lac Street, Thi Nghe, Thanh My Tay Ward, HCM City;1.000 -> 100.000;4.4;06:30 - 14:00,16:00 - 21:00;spicy,fragrant,salty,soup food;noodles soup with satay shrimp
263;Quán Bánh Cuốn Nóng 16;10.794547447656894, 106.7097358089029;Binh Thanh District;16, Nguyen Van Lac Street, Thi Nghe, Thanh My Tay Ward, HCM City;1.000 -> 100.000;4.5;04:30 - 12:00;salty,fatty,fragrant,hot;steamed rice rolls
264;Sủi Cảo Gia Ý;10.799911063903865, 106.71560804191155;Binh Thanh District;Alley 548/29, Dien Bien Phu Street, Thanh My Tay Ward, HCM City;1.000 -> 100.000;4.7;16:15 - 21:00;salty,sweet,fatty,dimsum;dumplings
265;Bánh Canh Ghẹ - Cua Diễm;10.798768169844257, 106.72025242056843;Binh Thanh District;625, Dien Bien Phu Street, Thanh My Tay Ward, HCM City;1.000 -> 100.000;4.6;07:00 - 21:00;sweet,salty,fatty,soup food;crab thick noodles soup
266;Bánh mì Chả cá Nha Trang;10.79961026650524, 106.72382605040644;Binh Thanh District;Ung Van Khiem Street, Thanh My Tay Ward, HCM City;1.000 -> 100.000;5.0;06:00 - 11:00;salty,sweet,fatty,dry food;banh mi with fish cake
267;Cháo Ếch Singapore;10.803361091044493, 106.72108020799288;Binh Thanh District;178, Nguyen Van Thuong Street, Thanh My Tay Ward, HCM City;1.000 -> 100.000;4.4;17:00 - 23:30;salty,sweet,fatty,hot;frog porridge
268;Hủ Tiếu Hải Sản - Ngân Đô;10.806987836862328, 106.71903697253072;Binh Thanh District;183, Ung Van Khiem Street, Thanh My Tay Ward, HCM City;1.000 -> 100.000;5.0;06:30 - 20:00;sweet,salty,fatty,soup food;seafood noodles soup
269;Lẩu Bò Nhúng Giấm Hương Vị Xưa;10.806305177402342, 106.71833628146591;Binh Thanh District;Alley 168/73, Nguyen Gia Tri Street, Thanh My Tay Ward, HCM City;1.000 -> 100.000;4.6;10:00 - 22:00;sour,fatty,salty,hot;vinegar beef hot pot
270;PHỞ BÚN BÒ NGỌC LAN;10.75281802763817, 106.59157658974567;Binh Tan District;2/A6/7Q, Thai Son Street, Tan Tao Ward, HCM City;1.000 -> 100.000;5.0;06:00 - 14:00;sweet,salty,fatty,soup food;pho
271;Gà Nướng Mắm Nhĩ Mạnh Cường;10.755201118421782, 106.597332203836;Binh Tan District;1157, Provincial Road 10, Tan Tao Ward, HCM City;100.000 -> 200.000;4.9;08:00 - 23:00;salty,sweet,fatty,grilled;grilled chicken
272;Hủ Tiếu Mực Như Ý;10.784325725743505, 106.66309943351465;Binh Tan District;95/17, Bac Hai Street, Hoa Hung Ward, HCM City;1.000 -> 100.000;4.3;06:00 - 13:30,16:00 - 21:30;sweet,salty,fatty,soup food;squid noodles soup
273;Gà ta Long An;10.756620453513193, 106.58995738133449;Binh Tan District;Provincial Road 10, Binh Tan Ward, HCM City;1.000 -> 200.000;4.2;07:30 - 21:00;fragrant,fatty,sweet,southern taste;chicken
274;BÁNH CANH O THỦY;10.756937307000106, 106.59079772663965;Binh Tan District;Provincial Road 10, Binh Tan Ward, HCM City;1.000 -> 100.000;4.4;06:00 - 18:30;sweet,salty,fatty,soup food;thick noodles soup
275;Tiệm Xôi Ghẹ Xanh 72;10.750582858651578, 106.62066388404378;Binh Tan District;45A, Street No. 4, An Lac Ward, HCM City;1.000 -> 100.000;4.9;07:00 - 21:00;salty,fatty,sweet,dry food;crab sticky rice
276;Cơm Tấm Thảo Vân;10.749924743502186, 106.62154125809326;Binh Tan District;53, Street No. 5, An Lac Ward, HCM City;1.000 -> 100.000;4.3;06:00 - 11:30;salty,sweet,fatty,dry food;broken rice
277;Bánh Bao Sáu Sỹ;10.745633930904631, 106.61868456460279;Binh Tan District;11S, Bui Huu Dien Street, An Lac Ward, HCM City;1.000 -> 100.000;4.7;07:30 - 21:00;salty,sweet,fatty,dry food;steamed buns
278;Bánh canh cua Bà Ba;10.743736669406873, 106.6159795643851;Binh Tan District;23, Street No. 16, An Lac Ward, HCM City;1.000 -> 100.000;4.9;06:00 - 13:30;sweet,salty,fatty,soup food;crab thick noodles soup
279;Bánh Canh Cua Gia Linh;10.745383307452219, 106.61317185722972;Binh Tan District;238, Ten Lua Street, An Lac Ward, HCM City;1.000 -> 100.000;4.2;07:00 - 22:00;sweet,salty,fatty,soup food;crab thick noodles soup
280;Hiếu Ký Mì Gia;10.851122666802263, 106.7543685683147;Thu Duc City;15, To Ngoc Van Street, Linh Xuan Ward, HCM City;1.000 -> 100.000;3.9;07:00 - 21:00;salty,sweet,fatty,northern taste;noodles
281;Cháo Cá Miền Tây 2;10.839643303567774, 106.76753460589066;Thu Duc City;3, Nguyen Van Ba Street, Thu Duc Ward, HCM City;100.000 -> 200.000;4.0;09:00 - 22:00;sweet,salty,fatty,soup food;fish porridge
282;Bánh Canh Cá Lóc Trần;10.841065344938725, 106.74481834561796;Thu Duc City;421, Kha Van Can Street, Thu Duc Ward, HCM City;1.000 -> 100.000;4.4;06:30 - 21:45;sweet,salty,fatty,soup food;snakehead fish thick noodles
283;Bún Thịt Nướng Hân Hân;10.788391087971533, 106.75231653262256;Thu Duc City;174, Street No. 1, Binh Trung Ward, HCM City;1.000 -> 100.000;3.2;07:00 - 21:00;salty,sweet,fatty,dry food;grilled pork vermicelli
284;Bánh Xèo Cô Ba Miền Tây;10.788989468337038, 106.75320049656517;Thu Duc City;304, Than Van Nhiep Street, Binh Trung Ward, HCM City;1.000 -> 100.000;4.0;11:00 - 19:30;salty,fatty,crispy,hot;vietnamese pancake
285;Tiệm Mì Hữu Ký;10.792451549657692, 106.7088313587371;Thu Duc City;84, Nguyen Van Lac Street, Thanh My Tay Ward, HCM City;1.000 -> 100.000;4.1;06:00 - 23:30;salty,sweet,fatty,northern taste;noodles
286;Lương Ký Mì Gia;10.79188709593064, 106.70901328934319;Thu Duc City;1, Huynh Man Dat Street, Thanh My Tay Ward, HCM City;1.000 -> 100.000;4.1;15:00 - 22:00;salty,sweet,fatty,northern taste;noodles
287;Sủi Cảo Vương Ý;10.84020447683286, 106.75066905071068;Thu Duc City;Alley 122/138, Street No. 11, Thu Duc Ward, HCM City;1.000 -> 100.000;5.0;08:00 - 21:00;salty,sweet,fatty,dimsum;dumplings
288;Phở Bùi Gia Thảo Điền;10.803031233213629, 106.73172169457725;Thu Duc City;56, Xuan Thuy Street, An Khanh Ward, HCM City;1.000 -> 100.000;4.5;06:00 - 13:30,16:30 - 22:00;sweet,salty,fatty,soup food;pho
289;Yummy Cơm Gà Hải Nam;10.802710489142177, 106.72892408801475;Thu Duc City;24B, Xuan Thuy Street, An Khanh Ward, HCM City;1.000 -> 100.000;4.1;10:00 - 20:00;salty,sweet,fatty,dry food;chicken rice
290;Bún Bò Huế Út Thoong;10.848658751405837, 106.77147455879009;Thu Duc City;147, Thong Nhat Street, Thu Duc Ward, HCM City;1.000 -> 100.000;4.1;06:00 - 21:00;spicy,salty,sweet,neutral taste;hue beef noodles soup
291;Bánh cuốn Gia Bảo;10.847552500153025, 106.76938906598251;Thu Duc City;39, Chu Manh Trinh Street, Thu Duc Ward, HCM City;1.000 -> 100.000;4.7;05:15 - 13:00;salty,fatty,fragrant,hot;steamed rice rolls
292;Lẩu Bò Nhúng Giấm Vị Xưa;10.847630928698104, 106.76879123029539;Thu Duc City;10, Chu Manh Trinh Street, Thu Duc Ward, HCM City;100.000 -> 200.000;5.0;10:00 - 22:00;sour,fatty,salty,hot;vinegar beef hot pot
293;Cơm tấm Đại Đồng;10.848939090084544, 106.75425883125986;Thu Duc City;Alley 942, Kha Van Can Street, Thu Duc Ward, HCM City;1.000 -> 100.000;4.1;06:00 - 15:00;salty,sweet,fatty,dry food;broken rice
294;Bò lá lốt Thảo;10.846697637895092, 106.75684710338719;Thu Duc City;120, Street No. 9, Thu Duc Ward, HCM City;1.000 -> 100.000;4.6;10:00 - 21:00;salty,fatty,fragrant,grilled;beef in betel leaf
295;Bánh Canh Cá Lóc Em Tôi;10.84777198824231, 106.76709020336902;Thu Duc City;43, Bac Ai Street, Thu Duc Ward, HCM City;1.000 -> 100.000;4.6;06:00 - 12:00,16:00 - 21:00;sweet,salty,fatty,soup food;snakehead fish thick noodles soup
296;Cháo Lươn Xứ Nghệ;10.842546029883733, 106.76844011926418;Thu Duc City;16, Thong Nhat Street, Thu Duc Ward, HCM City;1.000 -> 100.000;4.4;06:00 - 12:45,16:30 - 21:50;salty,sweet,fatty,hot;eel congee
297;Hủ tiếu mực Thùy Linh;10.843718955140881, 106.75733689305392;Thu Duc City;59/22, Street No. 8, Thu Duc Ward, HCM City;1.000 -> 100.000;4.5;07:30 - 22:00;sweet,salty,fatty,soup food;squid noodles soup
298;GÀ QUAY 68;10.868243745455159, 106.73414997555494;Thu Duc City;84, Go Dua Street, Tam Binh Ward, HCM City;1.000 -> 100.000;5.0;07:00 - 22:00;salty,fatty,fragrant,grilled;roasted chicken
299;Lẩu ếch Cô Tư;10.86537996173056, 106.73311631306728;Thu Duc City;Alley 27, Street No. 12, Tam Binh Ward, HCM City;100.000 -> 200.000;4.3;08:00 - 19:00;salty,sweet,fatty,hot;frog hot pot
300;Bánh Canh Cua - Bún Riêu Cua Hai Trân;10.866215990313414, 106.73335287728025;Thu Duc City;25, Street No. 12, Tam Binh Ward, HCM City;1.000 -> 100.000;4.2;06:00 - 13:00,16:00 - 19:00;sweet,salty,fatty,soup food;crab thick noodles soup
301;Hủ tiếu Nam Vang Thành Phát;10.859598338594498, 106.72408134077797;Thu Duc City;Alley 740, National Highway 13, Hiep Binh Ward, HCM City;1.000 -> 100.000;4.0;06:00 - 14:00;sweet,salty,fatty,soup food;phnom penh noodles soup
302;Lẩu Bò Dì Năm;10.854172196720445, 106.72456478100808;Thu Duc City;652/39/2A, National Highway 13, Hiep Binh Ward, HCM City;100.000 -> 200.000;4.9;09:00 - 21:00;fatty,salty,hot,spicy;beef hot pot
303;Phở Huỳnh Trâm 631;10.854527929757502, 106.72206603373566;Thu Duc City;631, National Highway 13, Hiep Binh Ward, HCM City;1.000 -> 100.000;4.0;05:30 - 22:00;sweet,salty,fatty,soup food;pho
304;CƠM GÀ XỐI MỠ ÔNG MẬP VẠN PHÚC;10.84448851028473, 106.71614959894167;Thu Duc City;34, Dinh Thi Thi Street, Hiep Binh Ward, HCM City;1.000 -> 100.000;4.9;10:00 - 22:00;salty,fatty,crispy,dry food;chicken rice
305;Mì Quảng Chính Hiệu;10.846732893915455, 106.72591498125468;Thu Duc City;102, Hiep Binh Street, Hiep Binh Ward, HCM City;1.000 -> 100.000;4.7;07:00 - 20:00;salty,sweet,fatty,neutral taste;quang noodles
306;Lẩu Bò Thiên Tân;10.832475258796777, 106.7285692848798;Thu Duc City;21, Street No. 25, Hiep Binh Ward, HCM City;100.000 -> 200.000;4.2;01:00 - 23:00;fatty,salty,hot,spicy;beef hot pot
307;Bánh Canh Cua Hải Cua;10.827482439726817, 106.71871061684793;Thu Duc City;162, Pham Van Dong Street, Hiep Binh Ward, HCM City;1.000 -> 100.000;4.5;11:00 - 22:00;sweet,salty,fatty,soup food;crab thick noodles soup
308;Mì Quảng Thanh Thảo;10.829692841551962, 106.7143760085504;Thu Duc City;802, National Highway 13, Hiep Binh Ward, HCM City;1.000 -> 100.000;4.1;06:00 - 14:00,16:00 - 21:00;salty,sweet,fatty,neutral taste;quang noodles
309;Hủ Tiếu Nam Vang A Lũ;10.84631478455263, 106.72441918649407;Thu Duc City;83, Hiep Binh Street, Hiep Binh Ward, HCM City;1.000 -> 100.000;4.8;06:00 - 12:00,16:30 - 22:00;sweet,salty,fatty,soup food;phnom penh noodles soup
310;Ốc Vinh - Lê Lư;10.785854436036855, 106.6196487919489;Tan Phu District;168, Le Lu Street, Phu Tho Hoa Ward, HCM City;1.000 -> 100.000;4.9;17:30 - 22:00;sour,spicy,salty,soup food;snails
311;Bông Trà Bàu Cát;10.792944001400187, 106.64164363661321;Tan Phu District;79, Bau Cat Street, Tan Binh Ward, HCM City;1.000 -> 200.000;4.5;09:00 - 23:45;fragrant,sweet,cool,drinks;tea
312;Cơm chay Thiện Phước;10.784047624328071, 106.63920643739117;Tan Phu District;11, Thoai Ngoc Hau Street, Tan Phu Ward, HCM City;1.000 -> 100.000;4.6;05:00 - 20:30;sweet,salty,vegetarian,soup food;vegetarian rice
313;Bún chả Hà Nội Minh Nga;10.735129074232997, 106.71851596845465;Tan Phu District;2, Nguyen Luong Bang Street, Tan My Ward, HCM City;1.000 -> 100.000;3.5;07:00 - 20:00;salty,sweet,grilled,northern taste;grilled pork with noodles
314;Bánh Xèo Bánh Căn Cô Huệ;10.785236101391257, 106.62296071131728;Tan Phu District;45A, Pham Van Xao Street, Phu Tho Hoa Ward, HCM City;1.000 -> 100.000;4.3;11:00 - 22:00;salty,fatty,crispy,hot;vietnamese pancake
315;Bánh Canh Cua Út Thảo;10.784192707250126, 106.62293523033692;Tan Phu District;344, Nguyen Son Street, Phu Tho Hoa Ward, HCM City;1.000 -> 100.000;4.5;08:00 - 22:00;sweet,salty,fatty,soup food;crab thick noodles soup
316;Hủ Tiếu Dê Hoàng Lâm;10.784859320580821, 106.62230357013392;Tan Phu District;60, Le Lang Street, Phu Tho Hoa Ward, HCM City;1.000 -> 100.000;4.5;06:00 - 12:00;sweet,salty,fatty,soup food;goat noodles soup
317;Quán Bột Chiên Bé;10.784646080049221, 106.62463023273713;Tan Phu District;11, Pham Van Street, Phu Tho Hoa Ward, HCM City;1.000 -> 100.000;4.1;14:30 - 22:55;salty,fatty,crispy,hot;fried flour cubes
318;Quán Chè 3 Màu Ngon;10.783534292880127, 106.62669657667217;Tan Phu District;11, Nguyen Nhu Lam Street, Phu Tho Hoa Ward, HCM City;1.000 -> 100.000;4.1;12:30 - 21:00;sweet,fatty,colorful,dessert;sweet soup
319;Hủ tiếu Minh Duy;10.78124788617837, 106.6233249901639;Tan Phu District;165, Le Lam Street, Phu Thanh Ward, HCM City;1.000 -> 100.000;4.5;06:00 - 10:00;sweet,salty,fatty,soup food;noodles soup
320;Bánh Cuốn Hồng Phước;10.791863823946025, 106.6526794049338;Tan Binh District;731, Ly Thuong Kiet Street, Bay Hien Ward, HCM City;1.000 -> 100.000;4.3;06:30 - 00:00;salty,fatty,fragrant,hot;steamed rice rolls
321;Bánh ướt Bảy Hiền;10.792573245187343, 106.65305683649372;Tan Binh District;767, Ly Thuong Kiet Street, Bay Hien Ward, HCM City;1.000 -> 100.000;3.5;15:00 - 22:00;salty,fatty,sweet,dry food;wet cake
322;CHÁO ẾCH SINGAPORE;10.792446802862386, 106.65482304189305;Tan Binh District;1216, Cach Mang Thang 8 Street, Tan Son Nhat Ward, HCM City;1.000 -> 100.000;4.4;17:00 - 23:30;salty,sweet,fatty,hot;frog congee
323;Xôi Bình Tiên;10.79114753923288, 106.65696369705087;Tan Binh District;1082, Cach Mang Thang 8 Street, Tan Son Nhat Ward, HCM City;1.000 -> 100.000;3.6;05:30 - 22:30;sweet,fatty,fragrant,dry food;sticky rice
324;Cháo Sườn Phong;10.791182077973444, 106.65764312242845;Tan Binh District;Alley 1054, Cach Mang Thang 8 Street, Tan Son Nhat Ward, HCM City;1.000 -> 100.000;4.6;08:00 - 22:00;salty,sweet,fatty,hot;pork rib congee
325;Lẩu bò Long Mập;10.792958739250887, 106.65654311232097;Tan Binh District;90, Hiep Nhat Street, Tan Son Nhat Ward, HCM City;200.000 -> 300.000;4.0;10:00 - 22:00;fatty,salty,hot,spicy;beef hot pot
326;Quán Bún Bò Hương Giang;10.793840484344976, 106.6560057605628;Tan Binh District;2, Le Binh Street, Tan Son Nhat Ward, HCM City;1.000 -> 100.000;4.2;06:00 - 11:30;spicy,salty,sweet,neutral taste;hue beef noodles soup
327;Hột vịt lộn Phúc Lộc;10.793851658544458, 106.65656626060641;Tan Binh District;Alley 35, Le Binh Street, Tan Son Nhat Ward, HCM City;1.000 -> 100.000;4.6;15:00 - 23:30;fatty,rich,nutritious,hot;balut
328;Hủ Tiếu Mì Sườn Hoàng Tứ;10.794908990512951, 106.65875996715569;Tan Binh District;30, Hoang Viet Street, Tan Son Nhat Ward, HCM City;1.000 -> 100.000;5.0;07:00 - 14:00;sweet,salty,fatty,soup food;noodles with pork ribs
329;Bánh cuốn nóng Hà nội;10.810448850676032, 106.6668895221225;Tan Binh District;27, Lam Son Street, Tan Son Hoa Ward, HCM City;1.000 -> 100.000;4.3;05:30 - 12:30;salty,fatty,fragrant,northern taste;steamed rice rolls
330;Bột Chiên Long Ký;10.822905159453839, 106.63484638153278;Tan Binh District;Alley 103, Nguyen Phuc Chu Street, Tan Son Ward, Thuan An, HCM City;1.000 -> 100.000;4.4;15:00 - 21:00;salty,fatty,crispy,hot;fried flour cubes
331;Cháo Lươn Đồng Xứ Nghệ;10.823753174147374, 106.63546217550028;Tan Binh District;9, Hoang Bat Dat Street, Tan Son Ward, Thuan An, HCM City;1.000 -> 100.000;4.2;06:00 - 20:00;salty,sweet,fatty,hot;eel congee
332;Quán Thơm - Bánh canh cá lóc Quảng Trị;10.823374884615431, 106.63670932537646;Tan Binh District;156a, Nguyen Phuc Chu Street, Tan Son Ward, Thuan An, HCM City;1.000 -> 100.000;4.8;09:00 - 21:00;sweet,salty,fatty,neutral taste;snakehead fish thick noodles soup
333;Bánh xèo Thy Thy;10.796102849346056, 106.63910371523917;Tan Binh District;92, Ba Van Street, Tan Binh Ward, HCM City;1.000 -> 100.000;5.0;07:00 - 21:30;salty,fatty,crispy,hot;vietnamese pancake
334;Há cảo chú Lâm;10.798609586060058, 106.63778840123986;Tan Binh District;990/1, Au Co Street, Tan Binh Ward, HCM City;100.000 -> 200.000;4.2;08:00 - 20:00;salty,sweet,fatty,dimsum;shrimp dumpling
335;Hưng Ký Dimsum;10.745882823453934, 106.6531437197772;District 6;1402, Vo Van Kiet Street, Binh Tien Ward, HCM City;1.000 -> 200.000;4.9;07:00 - 21:00;salty,sweet,fatty,dimsum;dimsum
336;Quán Hủ Tiếu Sa Tế Nai;10.74699563946574, 106.65048642492636;District 6;58/9, Pham Van Chi Street, Binh Tien Ward, HCM City;1.000 -> 100.000;4.1;07:00 - 11:00,15:30 - 21:00;spicy,fragrant,salty,soup food;satay noodles soup
337;Bò Né Ngầu Ký;10.747228309881468, 106.65348096973374;District 6;118, Gia Phu Street, Binh Tien Ward, HCM City;1.000 -> 100.000;5.0;06:00 - 19:00;salty,fatty,spicy,hot;vietnamese beef steak
338;Cơm Gà Sơn Kỳ;10.7496188093174105, 106.6488390976936;District 6;17C, Hau Giang Street, Binh Tay Ward, HCM City;1.000 -> 100.000;4.0;08:00 - 21:00;salty,sweet,fatty,dry food;chicken rice
339;Bún cá Châu Đốc Ba Tèo;10.749430339346398, 106.64646668382689;District 6;121A, Hau Giang Street, Binh Tay Ward, HCM City;1.000 -> 100.000;4.7;07:00 - 22:00;sweet,salty,sour,soup food;fish noodles soup
340;Hủ tiếm Cật Tôm;10.75702562344099, 106.6273830179496;District 6;110/43/59, Ba Hom Street, Phu Lam Ward, HCM City;1.000 -> 100.000;4.5;00:00 - 00:00;sweet,salty,fatty,soup food;noodles soup
341;BÚN CÁ RÔ ĐỒNG - LÂM Phát;10.745618827536354, 106.63236356171764;District 6;83, Cho Lon Street, Binh Phu Ward, HCM City;1.000 -> 100.000;4.7;06:00 - 13:00,16:00 - 21:00;sweet,salty,sour,soup food;fish noodles soup
342;Hủ tiếu Thuận Ký;10.742545676036546, 106.64248894052935;District 6;Alley 444, Pham Van Chi Street, Binh Tien Ward, HCM City;1.000 -> 100.000;4.1;16:00 - 21:00;sweet,salty,fatty,soup food;noodles soup
343;Xôi Hương Bình;10.743030018076862, 106.64339473197974;District 6;Pham Van Chi Street, Binh Tien Ward, HCM City;1.000 -> 100.000;4.5;17:30 - 22:30;sweet,fatty,fragrant,dry food;sticky rice
344;Bánh Canh Cua Hẻm 360;10.743476025031928, 106.6440766836086;District 6;360, Pham Van Chi Street, Binh Tien Ward, HCM City;1.000 -> 100.000;3.5;15:30 - 20:00;sweet,salty,fatty,soup food;crab thick noodles soup
345;Bún Đậu Mắm Tôm - Cô Hai;10.882614796944603, 106.67995096671442;District 12;317, Ha Huy Giap Street, Thoi An Ward, Thuan An, HCM City;1.000 -> 100.000;4.9;10:00 - 23:00;salty,sour,spicy,dry food;noodles with tofu and shrimp paste
346;Cơm Tấm Cô Dung;10.883088371068007, 106.68565368692641;District 12;73a, Thanh Loc 41 Street, An Phu Dong Ward, Thuan An, HCM City;1.000 -> 100.000;4.9;06:00 - 14:00;salty,sweet,fatty,dry food;broken rice
347;Bánh canh cá lóc Cô Tư;10.871923148328406, 106.68035197721733;District 12;5, Thanh Loc 13 Street, An Phu Dong Ward, Thuan An, HCM City;1.000 -> 100.000;4.3;06:00 - 10:00,15:00 - 19:00;sweet,salty,fatty,soup food;snakehead fish thick noodles soup
348;Vịt Quay Da Giòn;10.873612374656943, 106.67522384743707;District 12;88c, To Ngoc Van Street, Thoi An Ward, Thuan An, HCM City;100.000 -> 200.000;4.4;10:00 - 21:00;salty,fatty,crispy,grilled;roasted duck
349;Cháo lòng Khanh Mập;10.875680877093604, 106.67503692940276;District 12;442b, To Ngoc Van Street, Thoi An Ward, Thuan An, HCM City;1.000 -> 100.000;4.4;05:45 - 10:00,15:45 - 21:30;salty,fatty,hot,soup food;offal congee
350;BÁNH XÈO MIỀN TRUNG;10.704076784712043, 106.63101105205554;Binh Chanh District;421D, Trinh Quang Nghi Street, Binh Dong Ward, HCM City;1.000 -> 100.000;4.6;15:00 - 21:00;salty,fatty,crispy,neutral taste;vietnamese pancake
351;Hủ tiếu gà Phước Loan;10.726707652696652, 106.64739832558762;Binh Chanh District;24, Street No. 16, Binh Hung Commune, HCM City;1.000 -> 100.000;4.2;11:30 - 21:00;sweet,salty,fatty,soup food;chicken noodles soup
352;Quán Vinh Ký Mì Gia;10.726846823452393, 106.65150783582426;Binh Chanh District;Street No. 7, Binh Hung Commune, HCM City;1.000 -> 100.000;4.5;07:00 - 21:30;salty,sweet,fatty,northern taste;noodles
353;Lẩu Bò Quê Hương;10.727243671927068, 106.65292927086831;Binh Chanh District;32, Street No. 10, Binh Hung Commune, HCM City;1.000 -> 100.000;3.8;06:00 - 21:00;fatty,salty,hot,spicy;beef hot pot
354;Hủ Tiếu Bà Ba;10.722630144115906, 106.65724445083423;Binh Chanh District;19, Binh Hung Street, Binh Hung Commune, HCM City;1.000 -> 100.000;4.6;05:00 - 11:00;sweet,salty,fatty,soup food;noodles soup